{
    "summary": {
        "name": "PreFreeSurferPipelineBatch",
        "descriptor-doi": "10.5281/zenodo.1450995",
        "date-time": "2021-02-22_14h11m25s281667ms"
    },
    "public-invocation": {
        "subject_folder": {
            "file-name": "",
            "files": [
                {
                    "file-name": "bold",
                    "files": [
                        {
                            "file-name": "task001_run001",
                            "files": [
                                {
                                    "file-name": "behavior.txt",
                                    "not_found": true
                                },
                                {
                                    "file-name": "bold.nii.gz",
                                    "not_found": true
                                },
                                {
                                    "file-name": "stimulus.txt",
                                    "not_found": true
                                }
                            ]
                        },
                        {
                            "file-name": "task001_run002",
                            "files": [
                                {
                                    "file-name": "behavior.txt",
                                    "not_found": true
                                },
                                {
                                    "file-name": "bold.nii.gz",
                                    "not_found": true
                                },
                                {
                                    "file-name": "stimulus.txt",
                                    "not_found": true
                                }
                            ]
                        }
                    ]
                },
                {
                    "file-name": "t1",
                    "files": [
                        {
                            "file-name": "highres001_full_normfilter.nii.gz",
                            "md5sum": "b745b83518ad96db7109b63db57f5f30"
                        },
                        {
                            "file-name": "highres001_full_normfilter_flirt.mat",
                            "md5sum": "a55009636b33f78cacda36d6e0e82913"
                        },
                        {
                            "file-name": "highres001_full_normfilter_flirt.nii.gz",
                            "md5sum": "6cbff1a95ba166e161235220560a8f1c"
                        },
                        {
                            "file-name": "highres001_full_normfilter_to_highres001_full_normfilter.log",
                            "md5sum": "de593e3ca364be2065aa96a965f1f934"
                        },
                        {
                            "file-name": "highres001_full_normfilter_warpcoef.nii.gz",
                            "md5sum": "e8c5dc2ead033eb995137d26dc918edf"
                        }
                    ]
                }
            ]
        },
        "execution_name": "prefreesurfer"
    },
    "public-output": {
        "stdout": "/home/mandana/CONP/pipelines/ali/openpain/thermal/healthy010/ is not a directory or it is not in the current working folder.\n[ ERROR ] [ Mon Feb 22 19:11:24 UTC 2021 ] Cannot create execution directory.\n",
        "stderr": "",
        "exit-code": 1,
        "error-message": "",
        "shell-command": "command-line-script.sh /home/mandana/CONP/pipelines/ali/openpain/thermal/healthy010/ prefreesurfer",
        "missing-files": {
            "results": "/home/mandana/CONP/pipelines/ali/openpain/thermal/healthy010/-prefreesurfer"
        },
        "output-files": {}
    },
    "additional-information": null
}