{
    "summary": {
        "name": "fsl_bet",
        "descriptor-doi": "10.5281/zenodo.1482743",
        "date-time": "2021-03-30_22h58m56s264911ms"
    },
    "public-invocation": {
        "infile": {
            "file-name": "mni_adni_hi_t1w_tal_nlin_sym.nii.gz",
            "md5sum": "96dc6d6b54f34672705f8df3575f294d"
        },
        "maskfile": "MASK_fsl_SPARK_1"
    },
    "public-output": {
        "stdout": null,
        "stderr": null,
        "exit-code": 0,
        "error-message": "",
        "shell-command": "bet /home/mandana/CONP/conp-dataset/projects/BigBrain_3DClassifiedVolumes/bigbrain-datalad/3D_Volumes/MNI-ADNI_Space/nii/mni_adni_hi_t1w_tal_nlin_sym.nii.gz MASK_fsl_SPARK_1",
        "missing-files": {},
        "output-files": {
            "outfile": {
                "file-name": "MASK_fsl_SPARK_1.nii.gz",
                "md5sum": "03cc292ef0e0fd4a150a4b3d97a44b9d"
            }
        }
    },
    "additional-information": null
}