{
    "summary": {
        "name": "FslBet601",
        "descriptor-doi": "10.5281/zenodo.3267250",
        "date-time": "2021-02-16_11h31m49s743706ms"
    },
    "public-invocation": {
        "infile": {
            "file-name": "sub-9962084_ses-NAPEN00_run-001_T1w.nii.gz",
            "md5sum": "84f41615e1fe7abadc1c3f4ba1e3ffc6"
        },
        "maskfile": "mask-7"
    },
    "public-output": {
        "stdout": null,
        "stderr": null,
        "exit-code": 0,
        "error-message": "",
        "shell-command": "bet /home/mandana/CONP/conp-dataset/projects/preventad-open-bids/BIDS_dataset/sub-9962084/ses-NAPEN00/anat/sub-9962084_ses-NAPEN00_run-001_T1w.nii.gz mask-7",
        "missing-files": {},
        "output-files": {
            "outfile": {
                "file-name": "mask-7.nii.gz",
                "md5sum": "527089077b721cc5f84c5bfcdd65e5df"
            }
        }
    },
    "additional-information": null
}