{
    "summary": {
        "name": "FslBet601",
        "descriptor-doi": "10.5281/zenodo.3267250",
        "date-time": "2021-02-16_11h31m54s348513ms"
    },
    "public-invocation": {
        "infile": {
            "file-name": "preventad_1000173_NAPBL00_asl_001.mnc",
            "md5sum": "d15646c2bd449644fc134f6ec71403d8"
        },
        "maskfile": "mask-10"
    },
    "public-output": {
        "stdout": null,
        "stderr": null,
        "exit-code": 0,
        "error-message": "",
        "shell-command": "bet /home/mandana/CONP/conp-dataset/projects/preventad-open/1000173/NAPBL00/images/preventad_1000173_NAPBL00_asl_001.mnc mask-10",
        "missing-files": {},
        "output-files": {}
    },
    "additional-information": null
}