{
    "summary": {
        "name": "FreeSurfer-Recon-all",
        "descriptor-doi": "10.5281/zenodo.4043546",
        "date-time": "2021-03-15_22h43m36s151315ms"
    },
    "public-invocation": {
        "license": {
            "file-name": "license.tex",
            "not_found": true
        },
        "subjid": "032633",
        "input": {
            "file-name": "sub-032633_ses-020_run-1_FLAIR.nii.gz",
            "not_found": true
        },
        "directives": "-all"
    },
    "public-output": {
        "stdout": null,
        "stderr": null,
        "exit-code": 127,
        "error-message": "",
        "shell-command": "export SUBJECTS_DIR=`pwd`; export FS_LICENSE=`pwd`//home/mandana/CONP/FreeSurfer-Recon-all/license.tex; recon-all -subjid 032633 -i conp-dataset/projects/SIMON-dataset/data_BIDS/sub-032633/ses-020/anat/sub-032633_ses-020_run-1_FLAIR.nii.gz -all",
        "missing-files": {
            "subjid_output": "032633"
        },
        "output-files": {}
    },
    "additional-information": null
}