{
    "summary": {
        "name": "fsl_bet",
        "descriptor-doi": "10.5281/zenodo.1482743",
        "date-time": "2021-02-13_12h33m55s384946ms"
    },
    "public-invocation": {
        "infile": {
            "file-name": "PD25-SubCorSeg-500um.nii",
            "not_found": true
        },
        "maskfile": "/home/mandana/CONP/pipelines/oneVoxel/fslbet/masks/mask-1.nii.gz"
    },
    "public-output": {
        "stdout": null,
        "stderr": null,
        "exit-code": 1,
        "error-message": "",
        "shell-command": "bet '/home/mandana/CONP/conp-dataset/projects/Khanlab/BigBrainMRICoreg/Subcortical segmentation/NIfTI/PD25-SubCorSeg-500um.nii' /home/mandana/CONP/pipelines/oneVoxel/fslbet/masks/mask-1.nii.gz",
        "missing-files": {},
        "output-files": {}
    },
    "additional-information": null
}