{
    "summary": {
        "name": "fsl_bet",
        "descriptor-doi": "10.5281/zenodo.1482743",
        "date-time": "2021-05-18_17h23m43s721988ms"
    },
    "public-invocation": {
        "infile": {
            "file-name": "PL011_visit4_t1_defaced.nii.gz",
            "md5sum": "5eaac6f1e0ac4a3859de1b61c870dad2"
        },
        "maskfile": "mask-15"
    },
    "public-output": {
        "stdout": null,
        "stderr": null,
        "exit-code": 0,
        "error-message": "",
        "shell-command": "bet /home/mandana/CONP/conp-dataset/projects/openpain/placebo_1/PL011/visit4/anat/PL011_visit4_t1_defaced.nii.gz mask-15",
        "missing-files": {},
        "output-files": {
            "outfile": {
                "file-name": "mask-15.nii.gz",
                "md5sum": "b46db630f293347ade1b0e9eb70f9253"
            }
        }
    },
    "additional-information": null
}