{
    "summary": {
        "name": "BIDS App - FSL Diffusion Preprocessing",
        "descriptor-doi": "10.5281/zenodo.2566455",
        "date-time": "2021-01-06_11h41m03s263987ms"
    },
    "public-invocation": {
        "bids_dir": "/home/mandana/CONP/conp-dataset/projects/SIMON-dataset/data_BIDS/sub-032633",
        "output_dir": "/home/mandana/CONP/BIDS-App-FSL-DiffusionPreprocessing",
        "analysis_level": "session"
    },
    "public-output": {
        "stdout": null,
        "stderr": null,
        "exit-code": 1,
        "error-message": "",
        "shell-command": "python3 /opt/preprocessing_pipeline.py /home/mandana/CONP/conp-dataset/projects/SIMON-dataset/data_BIDS/sub-032633 /home/mandana/CONP/BIDS-App-FSL-DiffusionPreprocessing session --fsldir /usr/share/fsl/",
        "missing-files": {},
        "output-files": {
            "output_dir_path": {
                "file-name": "BIDS-App-FSL-DiffusionPreprocessing",
                "files": [
                    {
                        "file-name": "invocation.json",
                        "md5sum": "dc7fbe47c9b9166b460d58d674f8ce07"
                    }
                ]
            }
        }
    },
    "additional-information": null
}