{
    "summary": {
        "name": "fsl_first",
        "descriptor-doi": "10.5281/zenodo.1494312",
        "date-time": "2021-03-11_13h55m30s296216ms"
    },
    "public-invocation": {
        "input_file": {
            "file-name": "sub-01_T1w-copy.nii.gz",
            "md5sum": "1a15c8065b8eb994765065ad2ee93ca4"
        },
        "prefix": "output"
    },
    "public-output": {
        "stdout": null,
        "stderr": null,
        "exit-code": 0,
        "error-message": "",
        "shell-command": "mkdir -p /home/mandana/CONP/conp-dataset/projects/openpain/placebo_predict_tetreault/sub-01/anat/sub-01_T1w-copy; run_first_all -i /home/mandana/CONP/conp-dataset/projects/openpain/placebo_predict_tetreault/sub-01/anat/sub-01_T1w-copy.nii.gz -o /home/mandana/CONP/conp-dataset/projects/openpain/placebo_predict_tetreault/sub-01/anat/sub-01_T1w-copy/output",
        "missing-files": {},
        "output-files": {
            "outputs": {
                "file-name": "sub-01_T1w-copy",
                "files": [
                    {
                        "file-name": "output.logs",
                        "files": [
                            {
                                "file-name": "first_flirt.o82",
                                "md5sum": "aef96ccf7d3223365a6c6ecb9dc3c398"
                            },
                            {
                                "file-name": "first_flirt.e82",
                                "md5sum": "d41d8cd98f00b204e9800998ecf8427e"
                            },
                            {
                                "file-name": "first.o218.1",
                                "md5sum": "06e549eb78d02907155e7825cd6d3cd6"
                            },
                            {
                                "file-name": "first.e218.1",
                                "md5sum": "d41d8cd98f00b204e9800998ecf8427e"
                            },
                            {
                                "file-name": "first.o218.2",
                                "md5sum": "212f8e4a5ce3ad54e27080fff330d020"
                            },
                            {
                                "file-name": "first.e218.2",
                                "md5sum": "d41d8cd98f00b204e9800998ecf8427e"
                            },
                            {
                                "file-name": "first.o218.3",
                                "md5sum": "102a33a7ff72db6d7e8ed559a29a0373"
                            },
                            {
                                "file-name": "first.e218.3",
                                "md5sum": "d41d8cd98f00b204e9800998ecf8427e"
                            },
                            {
                                "file-name": "first.o218.4",
                                "md5sum": "4de93cd5d1dfe88a5f061eca3e1fd4e8"
                            },
                            {
                                "file-name": "first.e218.4",
                                "md5sum": "d41d8cd98f00b204e9800998ecf8427e"
                            },
                            {
                                "file-name": "first.o218.5",
                                "md5sum": "b856ef1e52dc276f0b6c1b19858b8299"
                            },
                            {
                                "file-name": "first.e218.5",
                                "md5sum": "d41d8cd98f00b204e9800998ecf8427e"
                            },
                            {
                                "file-name": "first.o218.6",
                                "md5sum": "1cb6ab79b3476bf2efd76c09c3ee9d28"
                            },
                            {
                                "file-name": "first.e218.6",
                                "md5sum": "d41d8cd98f00b204e9800998ecf8427e"
                            },
                            {
                                "file-name": "first.o218.7",
                                "md5sum": "945fabdff70e6b181c34069ccdb82e3c"
                            },
                            {
                                "file-name": "first.e218.7",
                                "md5sum": "d41d8cd98f00b204e9800998ecf8427e"
                            },
                            {
                                "file-name": "first.o218.8",
                                "md5sum": "c054e4ecc550e167248206a6ede4152d"
                            },
                            {
                                "file-name": "first.e218.8",
                                "md5sum": "d41d8cd98f00b204e9800998ecf8427e"
                            },
                            {
                                "file-name": "first.o218.9",
                                "md5sum": "ecaccf0016181f7718b783e7e24b90c9"
                            },
                            {
                                "file-name": "first.e218.9",
                                "md5sum": "d41d8cd98f00b204e9800998ecf8427e"
                            },
                            {
                                "file-name": "first.o218.10",
                                "md5sum": "05e0d2dbbe29f92f80147f8c919af2d4"
                            },
                            {
                                "file-name": "first.e218.10",
                                "md5sum": "d41d8cd98f00b204e9800998ecf8427e"
                            },
                            {
                                "file-name": "first.o218.11",
                                "md5sum": "cba18c671b026e09b378cc521d7b0d17"
                            },
                            {
                                "file-name": "first.e218.11",
                                "md5sum": "d41d8cd98f00b204e9800998ecf8427e"
                            },
                            {
                                "file-name": "first.o218.12",
                                "md5sum": "4019032fa16e1a4988057a932aaadb11"
                            },
                            {
                                "file-name": "first.e218.12",
                                "md5sum": "d41d8cd98f00b204e9800998ecf8427e"
                            },
                            {
                                "file-name": "first.o218.13",
                                "md5sum": "456995c234f14bec2413297443197dda"
                            },
                            {
                                "file-name": "first.e218.13",
                                "md5sum": "d41d8cd98f00b204e9800998ecf8427e"
                            },
                            {
                                "file-name": "first.o218.14",
                                "md5sum": "36e1a85b661d21cd9fe7849827f1658e"
                            },
                            {
                                "file-name": "first.e218.14",
                                "md5sum": "d41d8cd98f00b204e9800998ecf8427e"
                            },
                            {
                                "file-name": "first.o218.15",
                                "md5sum": "ee9af029679fbadff4e8bfefc9a46179"
                            },
                            {
                                "file-name": "first.e218.15",
                                "md5sum": "d41d8cd98f00b204e9800998ecf8427e"
                            },
                            {
                                "file-name": "first_post.o6471.1",
                                "md5sum": "d41d8cd98f00b204e9800998ecf8427e"
                            },
                            {
                                "file-name": "first_post.e6471.1",
                                "md5sum": "d41d8cd98f00b204e9800998ecf8427e"
                            },
                            {
                                "file-name": "clean_up.o6486.1",
                                "md5sum": "d41d8cd98f00b204e9800998ecf8427e"
                            },
                            {
                                "file-name": "clean_up.e6486.1",
                                "md5sum": "d41d8cd98f00b204e9800998ecf8427e"
                            }
                        ]
                    },
                    {
                        "file-name": "output.com",
                        "md5sum": "8912b55c0e8100c934de79eb074294b9"
                    },
                    {
                        "file-name": "output-L_Accu_first.bvars",
                        "md5sum": "c852bfab42cbd9a8706c5e5df4f3ed8c"
                    },
                    {
                        "file-name": "output-L_Accu_first.vtk",
                        "md5sum": "96ecd4b65cfb1e2fccadd037c7e690c3"
                    },
                    {
                        "file-name": "output-R_Accu_first.bvars",
                        "md5sum": "6e97b8940c658be42896dfab5ac98409"
                    },
                    {
                        "file-name": "output-R_Thal_first.vtk",
                        "md5sum": "0dcc002fc8e9f476f16c09510ad009d7"
                    },
                    {
                        "file-name": "output-BrStem_first.bvars",
                        "md5sum": "f4b70348183f57f06ded04ae3019b601"
                    },
                    {
                        "file-name": "output.com3",
                        "md5sum": "2e93b68ebab1db4e8f98737e630ddf4a"
                    },
                    {
                        "file-name": "output-L_Amyg_first.bvars",
                        "md5sum": "6f4760d1dfbf6856289bf23a6b26aaa8"
                    },
                    {
                        "file-name": "output-L_Amyg_first.vtk",
                        "md5sum": "39adbe46903c686b0920d1d9e6a7c7b3"
                    },
                    {
                        "file-name": "output-R_Accu_first.vtk",
                        "md5sum": "0aad96f7f3e7b1048d8b16066f8b165c"
                    },
                    {
                        "file-name": "output-R_Amyg_first.vtk",
                        "md5sum": "c193d59dfce9c1817f93c50c09f9fca4"
                    },
                    {
                        "file-name": "output-R_Caud_first.bvars",
                        "md5sum": "b48aa70f84d766a1c398733b22b5ba8f"
                    },
                    {
                        "file-name": "output-R_Hipp_first.vtk",
                        "md5sum": "724ae4083af2cbde458fd5cabe43c96b"
                    },
                    {
                        "file-name": "output-R_Pall_first.vtk",
                        "md5sum": "74808804db23630b05dd47aee2040983"
                    },
                    {
                        "file-name": "output-R_Puta_first.vtk",
                        "md5sum": "e0159c44d06f00532ab9520c7434a72c"
                    },
                    {
                        "file-name": "output_all_fast_origsegs.nii.gz",
                        "md5sum": "160eec2614c848b924bb37b3af912f09"
                    },
                    {
                        "file-name": "output-L_Caud_first.bvars",
                        "md5sum": "09e018e9a39e23c6211316608ac42c10"
                    },
                    {
                        "file-name": "output-L_Caud_first.vtk",
                        "md5sum": "1b0f7b9536f07f7c8836cb5ec132e2b4"
                    },
                    {
                        "file-name": "output-R_Amyg_first.bvars",
                        "md5sum": "5deaa38319f7a0381e02fa8442638e1e"
                    },
                    {
                        "file-name": "output-R_Caud_first.vtk",
                        "md5sum": "4a6bcc23e80ea508e37fdb7fe3d40afd"
                    },
                    {
                        "file-name": "output-R_Hipp_first.bvars",
                        "md5sum": "95ec3ec860694edb3602177e7a0b29ca"
                    },
                    {
                        "file-name": "output-BrStem_first.vtk",
                        "md5sum": "ba108f7ba4d457ed30dd0960029663f3"
                    },
                    {
                        "file-name": "output.com2",
                        "md5sum": "9328e0dbc029252db79bb72406061ac4"
                    },
                    {
                        "file-name": "output_all_fast_firstseg.nii.gz",
                        "md5sum": "a6a6fc9da07357ebb326a51851a6c45b"
                    },
                    {
                        "file-name": "output-L_Hipp_first.bvars",
                        "md5sum": "8eccb723b3f5ca8babfd436d0c33567c"
                    },
                    {
                        "file-name": "output-L_Hipp_first.vtk",
                        "md5sum": "9bc163ddfb3cfc256ab3543d9e2f06ce"
                    },
                    {
                        "file-name": "output-L_Pall_first.bvars",
                        "md5sum": "2d1f7301c88c9c122c94e685c0527219"
                    },
                    {
                        "file-name": "output-L_Pall_first.vtk",
                        "md5sum": "9188304863d237e941c06ba9e7cbbec2"
                    },
                    {
                        "file-name": "output-L_Puta_first.bvars",
                        "md5sum": "02e7a459926bd1bed92ccb4210bf26ff"
                    },
                    {
                        "file-name": "output-L_Puta_first.vtk",
                        "md5sum": "0d79428635f716907099df9b569fe08a"
                    },
                    {
                        "file-name": "output-L_Thal_first.bvars",
                        "md5sum": "bea9a9c8a50907c54ee545ed31fb83c1"
                    },
                    {
                        "file-name": "output-L_Thal_first.vtk",
                        "md5sum": "5bfe01824f33a4f5b2c1f25732a0fea4"
                    },
                    {
                        "file-name": "output-R_Pall_first.bvars",
                        "md5sum": "76b194c81f3a1b4e6e9db520aa8e28a9"
                    },
                    {
                        "file-name": "output-R_Puta_first.bvars",
                        "md5sum": "aa4853d84cf02015acfeeebac552a956"
                    },
                    {
                        "file-name": "output-R_Thal_first.bvars",
                        "md5sum": "d81f40f19e4e0ad4a4e31278b90802d0"
                    }
                ]
            },
            "std_sub_outputs": {
                "file-name": "sub-01_T1w-copy_to_std_sub.mat",
                "md5sum": "c30063c5d0b92243ddf09d66be1110d9"
            }
        }
    },
    "additional-information": null
}