{
    "summary": {
        "name": "FLIRT",
        "descriptor-doi": "10.5281/zenodo.2597643",
        "date-time": "2021-02-12_10h19m03s939919ms"
    },
    "public-invocation": {
        "in_file": {
            "file-name": "t1.nii.gz",
            "md5sum": "1ededd81a26cf226985475f49068953e"
        },
        "reference": {
            "file-name": "t1.nii.gz",
            "md5sum": "1ededd81a26cf226985475f49068953e"
        }
    },
    "public-output": {
        "stdout": null,
        "stderr": null,
        "exit-code": 0,
        "error-message": "",
        "shell-command": "flirt -in /home/mandana/CONP/conp-dataset/projects/openpain/cbp_resting/cbp10/t1/t1.nii.gz -ref /home/mandana/CONP/conp-dataset/projects/openpain/cbp_resting/cbp10/t1/t1.nii.gz -out /home/mandana/CONP/conp-dataset/projects/openpain/cbp_resting/cbp10/t1/t1_flirt -omat /home/mandana/CONP/conp-dataset/projects/openpain/cbp_resting/cbp10/t1/t1_flirt.mat",
        "missing-files": {},
        "output-files": {
            "out_matrix_file": {
                "file-name": "t1_flirt.mat",
                "md5sum": "63cd6f954c9bc31ebd3fb9f42f7e53d4"
            }
        }
    },
    "additional-information": null
}