{
    "summary": {
        "name": "oneVoxel",
        "descriptor-doi": "10.5281/zenodo.3308620",
        "date-time": "2021-02-13_17h29m40s318119ms"
    },
    "public-invocation": {
        "image_file": {
            "file-name": "t1.nii.gz",
            "md5sum": "1ededd81a26cf226985475f49068953e"
        },
        "mask_file": {
            "file-name": "mask-10.nii.gz",
            "md5sum": "fba2df9d8902713dddda750b4c2c1cfd"
        },
        "output_directory": {
            "file-name": "",
            "not_found": true
        }
    },
    "public-output": {
        "stdout": null,
        "stderr": null,
        "exit-code": 1,
        "error-message": "",
        "shell-command": "onevox /home/mandana/CONP/conp-dataset/projects/openpain/cbp_resting/cbp10/t1/t1.nii.gz /home/mandana/CONP/oneVoxel/output/ --mask_file /home/mandana/CONP/pipelines/oneVoxel/fslbet/masks/mask-10.nii.gz --intensity 0.01 --erode 3 --repeat 1 --mode single",
        "missing-files": {},
        "output-files": {}
    },
    "additional-information": null
}