{
    "summary": {
        "name": "fsl_bet",
        "descriptor-doi": "10.5281/zenodo.1482743",
        "date-time": "2021-02-13_14h52m50s009302ms"
    },
    "public-invocation": {
        "infile": {
            "file-name": "BigBrain-to-ICBM2009sym-nonlin-1mm.nii",
            "md5sum": "0a1a9afa61cb409690fbb56e4d5530b2"
        },
        "maskfile": "mask-1"
    },
    "public-output": {
        "stdout": null,
        "stderr": null,
        "exit-code": 0,
        "error-message": "",
        "shell-command": "bet /home/mandana/CONP/conp-dataset/projects/Khanlab/BigBrainMRICoreg/Atlases/NifTI/BigBrain-to-ICBM2009sym-nonlin-1mm.nii mask-1",
        "missing-files": {},
        "output-files": {
            "outfile": {
                "file-name": "mask-1.nii.gz",
                "md5sum": "405b0db1eca270c122108abf9004aa52"
            }
        }
    },
    "additional-information": null
}