{
    "summary": {
        "name": "CorticalThickness",
        "descriptor-doi": "10.5281/zenodo.2634608",
        "date-time": "2021-04-16_14h49m38s598979ms"
    },
    "public-invocation": {
        "anatomical_image": {
            "file-name": "sub-9962084_ses-NAPEN00_run-001_T1w.nii.gz",
            "md5sum": "84f41615e1fe7abadc1c3f4ba1e3ffc6"
        },
        "brain_probability_mask": {
            "file-name": "T_template0_BrainCerebellumProbabilityMask.nii.gz",
            "md5sum": "e1018562e3a5e31ab35f5c7b1bbe99de"
        },
        "brain_template": {
            "file-name": "T_template0.nii.gz",
            "md5sum": "f95dbe37ab40e8ad59c1b1eabc7f230c"
        },
        "segmentation_priors": [
            {
                "file-name": "priors1.nii.gz",
                "md5sum": "3704653c342b2af9de8f84bffde2b83e"
            },
            {
                "file-name": "priors2.nii.gz",
                "md5sum": "b80812b5b19ee00b18aeae43c77783e3"
            },
            {
                "file-name": "priors3.nii.gz",
                "md5sum": "57446e3c77d0ea7d298b9c8cfd5a8bfd"
            },
            {
                "file-name": "priors4.nii.gz",
                "md5sum": "0a45eabd2357319beb045724127a9bcf"
            }
        ],
        "t1_registration_template": {
            "file-name": "T_template0_BrainCerebellum.nii.gz",
            "md5sum": "b29d90d8c8d125b7d6af65c203b02f9a"
        }
    },
    "public-output": {
        "stdout": null,
        "stderr": null,
        "exit-code": 1,
        "error-message": "",
        "shell-command": "${ANTSPATH}/antsCorticalThickness.sh -a /home/mandana/CONP/conp-dataset/projects/preventad-open-bids/BIDS_dataset/sub-9962084/ses-NAPEN00/anat/sub-9962084_ses-NAPEN00_run-001_T1w.nii.gz -m /home/mandana/CONP/MICCAI2012-Multi-Atlas-Challenge-Data/T_template0_BrainCerebellumProbabilityMask.nii.gz -e /home/mandana/CONP/MICCAI2012-Multi-Atlas-Challenge-Data/T_template0.nii.gz -d 3 -s nii.gz 1 -o antsCT_ -p /home/mandana/CONP/MICCAI2012-Multi-Atlas-Challenge-Data/Priors2/priors1.nii.gz /home/mandana/CONP/MICCAI2012-Multi-Atlas-Challenge-Data/Priors2/priors2.nii.gz /home/mandana/CONP/MICCAI2012-Multi-Atlas-Challenge-Data/Priors2/priors3.nii.gz /home/mandana/CONP/MICCAI2012-Multi-Atlas-Challenge-Data/Priors2/priors4.nii.gz -t /home/mandana/CONP/MICCAI2012-Multi-Atlas-Challenge-Data/T_template0_BrainCerebellum.nii.gz",
        "missing-files": {},
        "output-files": {}
    },
    "additional-information": null
}