{
    "summary": {
        "name": "FslBet601",
        "descriptor-doi": "10.5281/zenodo.3267250",
        "date-time": "2021-02-16_11h31m53s355635ms"
    },
    "public-invocation": {
        "infile": {
            "file-name": "phantom_999876_MNI_20130903_t2w_001.mnc",
            "md5sum": "ba4cdeffd258e4879673b748ee4502c9"
        },
        "maskfile": "mask-9"
    },
    "public-output": {
        "stdout": null,
        "stderr": null,
        "exit-code": 0,
        "error-message": "",
        "shell-command": "bet /home/mandana/CONP/conp-dataset/projects/multicenter-phantom/phantom_999876_MNI_20130903_t2w_001.mnc mask-9",
        "missing-files": {},
        "output-files": {}
    },
    "additional-information": null
}