{
    "summary": {
        "name": "FreeSurfer-Recon-all",
        "descriptor-doi": "10.5281/zenodo.4043546",
        "date-time": "2021-04-02_09h59m26s136720ms"
    },
    "public-invocation": {
        "license": {
            "file-name": "license.txt",
            "md5sum": "f606798c4c204e59ee84e220a6d26426"
        },
        "subjid": "healthy010",
        "input": {
            "file-name": "highres001_full_normfilter.nii.gz",
            "md5sum": "b745b83518ad96db7109b63db57f5f30"
        },
        "directives": "-all"
    },
    "public-output": {
        "stdout": null,
        "stderr": null,
        "exit-code": 1,
        "error-message": "Crashed",
        "shell-command": "export SUBJECTS_DIR=`pwd`; export FS_LICENSE=`pwd`/license_FreeSurfer/license.txt; recon-all -subjid healthy010 -i conp-dataset/projects/openpain/thermal/healthy010/t1/highres001_full_normfilter.nii.gz -all",
        "missing-files": {},
        "output-files": {
            "subjid_output": {
                "file-name": "healthy010",
                "files": [
                    {
                        "file-name": "scripts",
                        "files": [
                            {
                                "file-name": "build-stamp.txt",
                                "md5sum": "507407bea2674bd0417252556017bace"
                            },
                            {
                                "file-name": "patchdir.txt",
                                "md5sum": "68b329da9893e34099c7d8ad5cb9c940"
                            },
                            {
                                "file-name": "lastcall.build-stamp.txt",
                                "md5sum": "507407bea2674bd0417252556017bace"
                            },
                            {
                                "file-name": "recon-config.yaml",
                                "md5sum": "1409d719f9e768aebd20106fd9942180"
                            },
                            {
                                "file-name": "unknown-args.txt",
                                "md5sum": "8df4f6bd355783309598c1d42f3195b5"
                            },
                            {
                                "file-name": "recon-all.cmd",
                                "md5sum": "c2a931d1689623d0644383884fe1241d"
                            },
                            {
                                "file-name": "recon-all.env",
                                "md5sum": "c85bcf852970d23bc31815250bb7a635"
                            },
                            {
                                "file-name": "recon-all.log",
                                "md5sum": "0be771d8e7c9f30e9be16dba61ef82b6"
                            },
                            {
                                "file-name": "recon-all-status.log",
                                "md5sum": "40675c3ca18edde035d0fb533b53d877"
                            },
                            {
                                "file-name": "recon-all.local-copy",
                                "md5sum": "1ca3508b301f82ad7abf6c21726184b9"
                            },
                            {
                                "file-name": "recon-all.error",
                                "md5sum": "da90ae529da0fc49b0ad164bbd861d71"
                            },
                            {
                                "file-name": "recon-all.done",
                                "md5sum": "b026324c6904b2a9cb4b88d6d61c81d1"
                            }
                        ]
                    },
                    {
                        "file-name": "mri",
                        "files": [
                            {
                                "file-name": "transforms",
                                "files": [
                                    {
                                        "file-name": "bak",
                                        "files": []
                                    }
                                ]
                            },
                            {
                                "file-name": "orig",
                                "files": [
                                    {
                                        "file-name": "001.mgz",
                                        "md5sum": "24b260cd2da08cb6b7445213ab74bb9c"
                                    }
                                ]
                            },
                            {
                                "file-name": "rawavg.mgz",
                                "md5sum": "24b260cd2da08cb6b7445213ab74bb9c"
                            },
                            {
                                "file-name": "orig.mgz",
                                "md5sum": "5dd5708f8a0155c8ac0a37bd060bdf64"
                            },
                            {
                                "file-name": "mri_nu_correct.mni.log",
                                "md5sum": "acf8d911692072b305a994d98ab58eb4"
                            }
                        ]
                    },
                    {
                        "file-name": "surf",
                        "files": []
                    },
                    {
                        "file-name": "tmp",
                        "files": []
                    },
                    {
                        "file-name": "label",
                        "files": []
                    },
                    {
                        "file-name": "touch",
                        "files": [
                            {
                                "file-name": "conform.touch",
                                "md5sum": "461465bd16744404dbfcc9edc5b76b5e"
                            },
                            {
                                "file-name": "inorm1.touch",
                                "md5sum": "abc7831cf0431a603096efc9d74adac6"
                            }
                        ]
                    },
                    {
                        "file-name": "stats",
                        "files": []
                    },
                    {
                        "file-name": "trash",
                        "files": []
                    }
                ]
            }
        }
    },
    "additional-information": null
}