{
    "summary": {
        "name": "fsl_bet",
        "descriptor-doi": "10.5281/zenodo.1482743",
        "date-time": "2021-03-30_22h45m51s702604ms"
    },
    "public-invocation": {
        "infile": {
            "file-name": "full_cls_100um.nii.gz",
            "md5sum": "63b13d54f91d35931e5e43adc6188e5d"
        },
        "maskfile": "MASK_fsl_SPARK_1"
    },
    "public-output": {
        "stdout": null,
        "stderr": null,
        "exit-code": 0,
        "error-message": "",
        "shell-command": "bet /home/mandana/CONP/conp-dataset/projects/BigBrain_3DClassifiedVolumes/Histological_Space/nii/full_cls_100um.nii.gz MASK_fsl_SPARK_1",
        "missing-files": {},
        "output-files": {}
    },
    "additional-information": null
}