{
    "summary": {
        "name": "oneVoxel",
        "descriptor-doi": "10.5281/zenodo.3308620",
        "date-time": "2021-01-30_14h36m27s178879ms"
    },
    "public-invocation": {
        "image_file": {
            "file-name": "sub-032633_ses-020_run-1_FLAIR.nii.gz",
            "md5sum": "89c3bdb78fa1505905b1e132b4fffbe7"
        },
        "mask_file": {
            "file-name": "mask_mask.nii.gz",
            "md5sum": "efe6b94de798257021ac188c2be4d5cd"
        },
        "output_directory": {
            "file-name": "oneVoxel",
            "files": [
                {
                    "file-name": "mask_mask.nii.gz",
                    "md5sum": "efe6b94de798257021ac188c2be4d5cd"
                },
                {
                    "file-name": "sub-032633_ses-020_run-1_FLAIR_1vox-493c2e92.json",
                    "md5sum": "439ec4628f3775fd017d10661e2f440d"
                },
                {
                    "file-name": "sub-032633_ses-020_run-1_FLAIR_1vox-499d2c24.json",
                    "md5sum": "281c7f343dd976393fb35d820a5d0321"
                },
                {
                    "file-name": "sub-032633_ses-020_run-1_FLAIR_1vox-49fdb06c.json",
                    "md5sum": "3b6e7e612564f16458f637d907c7d52c"
                },
                {
                    "file-name": "sub-032633_ses-020_run-1_FLAIR_1vox-4a5d5d46.json",
                    "md5sum": "a3563ef242dfead297f14a4048447964"
                },
                {
                    "file-name": "invocation_withMask.json",
                    "md5sum": "9d26d983a4d54615417d56f1bcf07493"
                },
                {
                    "file-name": "sub-032633_ses-020_run-1_FLAIR_1vox-93ecfd16.json",
                    "md5sum": "dfcb6d58b6db0169d5c40588d60d64a0"
                },
                {
                    "file-name": "sub-032633_ses-020_run-1_FLAIR_1vox-941620a6.json",
                    "md5sum": "759a4ee96305322fd704c0221728d79f"
                },
                {
                    "file-name": "sub-032633_ses-020_run-1_FLAIR_1vox-9445d6e8.json",
                    "md5sum": "d43a913e5e293521fc17c7c63411e92c"
                },
                {
                    "file-name": "sub-032633_ses-020_run-1_FLAIR_1vox-94752286.json",
                    "md5sum": "8bf8e373db55b4a92df743f4ab8cf7df"
                },
                {
                    "file-name": "sub-032633_ses-020_run-1_FLAIR_1vox-94a4d558.json",
                    "md5sum": "fb456d33e511b7cc7e43d46bc61bea6e"
                },
                {
                    "file-name": "sub-032633_ses-020_run-1_FLAIR_1vox-94d443b0.json",
                    "md5sum": "ac11201b9eb5b947dea9a58b5cf4be50"
                },
                {
                    "file-name": "sub-032633_ses-020_run-1_FLAIR_1vox-95033bc0.json",
                    "md5sum": "7766be1a0d88c54affba093d98a4d247"
                },
                {
                    "file-name": "sub-032633_ses-020_run-1_FLAIR_1vox-9533422a.json",
                    "md5sum": "03a8c453463dc643cb81ea98cea52c9c"
                },
                {
                    "file-name": "sub-032633_ses-020_run-1_FLAIR_1vox-9562f722.json",
                    "md5sum": "5c83f203ebc1cbf5591a10cfb5edec10"
                },
                {
                    "file-name": "sub-032633_ses-020_run-1_FLAIR_1vox-95917ab6.json",
                    "md5sum": "b61b795c42bacff2b83bf4b271ea24a5"
                },
                {
                    "file-name": "invocation_G.json",
                    "md5sum": "ce6732b37b55e594ba61d81e701a42a7"
                },
                {
                    "file-name": "sub-032633_ses-020_run-1_FLAIR_1vox-48ae20e8.json",
                    "md5sum": "13d6e07e4d4ef5483ac06b22b1c28e08"
                },
                {
                    "file-name": "sub-032633_ses-020_run-1_FLAIR_1vox-48da5abe.json",
                    "md5sum": "45953a3db75238a813336c89db994804"
                },
                {
                    "file-name": "sub-032633_ses-020_run-1_FLAIR_1vox-490bf146.json",
                    "md5sum": "81fb6903ea7e54ac69768a57f6635471"
                },
                {
                    "file-name": "sub-032633_ses-020_run-1_FLAIR_1vox-496d1ae8.json",
                    "md5sum": "837c50ba758016353169272082576bc2"
                },
                {
                    "file-name": "sub-032633_ses-020_run-1_FLAIR_1vox-49cde828.json",
                    "md5sum": "aa3c07c0075721449d974f6f582e6051"
                },
                {
                    "file-name": "sub-032633_ses-020_run-1_FLAIR_1vox-4a2d74e6.json",
                    "md5sum": "5188ff8d68a506e5de70c9313e3873be"
                }
            ]
        }
    },
    "public-output": {
        "stdout": null,
        "stderr": null,
        "exit-code": 0,
        "error-message": "",
        "shell-command": "onevox /home/mandana/CONP/conp-dataset/projects/SIMON-dataset/data_BIDS/sub-032633/ses-020/anat/sub-032633_ses-020_run-1_FLAIR.nii.gz /home/mandana/CONP/oneVoxel --mask_file /home/mandana/CONP/oneVoxel/mask_mask.nii.gz --intensity 0.01 --erode 3 --repeat 1 --mode single",
        "missing-files": {},
        "output-files": {}
    },
    "additional-information": null
}