{
    "summary": {
        "name": "BrainExtraction",
        "descriptor-doi": "10.5281/zenodo.2636973",
        "date-time": "2021-02-04_22h25m21s655440ms"
    },
    "public-invocation": {
        "anatomical_image": {
            "file-name": "sub-HCPUR100_t1w.nii.g",
            "not_found": true
        },
        "brain_probability_mask": {
            "file-name": "k_sub-HCPUR100_t1w.nii.gz",
            "not_found": true
        },
        "brain_template": {
            "file-name": "k_sub-HCPUR100_t1w.nii.gz",
            "not_found": true
        }
    },
    "public-output": {
        "stdout": null,
        "stderr": null,
        "exit-code": 125,
        "error-message": "",
        "shell-command": "${ANTSPATH}/antsBrainExtraction.sh -a conp-dataset/projects/Khanlab/HCPUR100-Template/sub-HCPUR100/anat/sub-HCPUR100_t1w.nii.g -m k_sub-HCPUR100_t1w.nii.gz -e k_sub-HCPUR100_t1w.nii.gz -d 3 -s nii.gz -o highres001_",
        "missing-files": {},
        "output-files": {}
    },
    "additional-information": null
}