{
    "summary": {
        "name": "BrainExtraction",
        "descriptor-doi": "10.5281/zenodo.2636973",
        "date-time": "2021-02-04_22h38m27s041384ms"
    },
    "public-invocation": {
        "anatomical_image": {
            "file-name": "sub-HCPUR100_t1w.nii.g",
            "not_found": true
        },
        "brain_probability_mask": {
            "file-name": "k_sub-HCPUR100_t1w.nii.gz",
            "not_found": true
        },
        "brain_template": {
            "file-name": "k_sub-HCPUR100_t1w.nii.gz",
            "not_found": true
        }
    },
    "public-output": {
        "stdout": null,
        "stderr": null,
        "exit-code": 1,
        "error-message": "",
        "shell-command": "${ANTSPATH}/antsBrainExtraction.sh -a conp-dataset/projects/Khanlab/HCPUR100-Template/sub-HCPUR100/anat/sub-HCPUR100_t1w.nii.g -m k_sub-HCPUR100_t1w.nii.gz -e k_sub-HCPUR100_t1w.nii.gz -d 3 -s nii.gz -o highres001_",
        "missing-files": {},
        "output-files": {
            "BrainExtractionBrain": {
                "file-name": "highres001_BrainExtractionBrain.nii.gz",
                "md5sum": "4f95a0650e80ce0151009d54fa2f70ab"
            },
            "BrainExtractionMask": {
                "file-name": "highres001_BrainExtractionMask.nii.gz",
                "md5sum": "fa55b91c5f99931321395005bfa45e3a"
            },
            "BrainExtractionPrior0GenericAffine": {
                "file-name": "highres001_BrainExtractionPrior0GenericAffine.mat",
                "md5sum": "157ff1639810b66c829c70df1b21f693"
            }
        }
    },
    "additional-information": null
}