{
    "summary": {
        "name": "FreeSurfer-Recon-all",
        "descriptor-doi": "10.5281/zenodo.4043546",
        "date-time": "2021-03-26_12h35m48s800793ms"
    },
    "public-invocation": {
        "license": {
            "file-name": "license.txt",
            "md5sum": "f606798c4c204e59ee84e220a6d26426"
        },
        "subjid": "032633",
        "input": {
            "file-name": "sub-032633_ses-010_run-1_T1w.nii.gz",
            "md5sum": "477232e03babac76361b92e5fc760c7b"
        },
        "directives": "-all"
    },
    "public-output": {
        "stdout": null,
        "stderr": null,
        "exit-code": 1,
        "error-message": "Crashed",
        "shell-command": "export SUBJECTS_DIR=`pwd`; export FS_LICENSE=`pwd`/license_FreeSurfer/license.txt; recon-all -subjid 032633 -i conp-dataset/projects/SIMON-dataset/data_BIDS/sub-032633/ses-010/anat/sub-032633_ses-010_run-1_T1w.nii.gz -all",
        "missing-files": {},
        "output-files": {
            "subjid_output": {
                "file-name": "032633",
                "files": [
                    {
                        "file-name": "scripts",
                        "files": [
                            {
                                "file-name": "build-stamp.txt",
                                "md5sum": "507407bea2674bd0417252556017bace"
                            },
                            {
                                "file-name": "patchdir.txt",
                                "md5sum": "68b329da9893e34099c7d8ad5cb9c940"
                            },
                            {
                                "file-name": "lastcall.build-stamp.txt",
                                "md5sum": "507407bea2674bd0417252556017bace"
                            },
                            {
                                "file-name": "recon-config.yaml",
                                "md5sum": "1409d719f9e768aebd20106fd9942180"
                            },
                            {
                                "file-name": "unknown-args.txt",
                                "md5sum": "4cc710fab6c09ac834a9ca6b0757bdf0"
                            },
                            {
                                "file-name": "recon-all.cmd",
                                "md5sum": "33270d8a0cbd29ad70b13f877844e167"
                            },
                            {
                                "file-name": "recon-all.env",
                                "md5sum": "21518daf4b42817e9e54d87956dde51a"
                            },
                            {
                                "file-name": "recon-all.log",
                                "md5sum": "90a4f5b341a90a9c6f1bbe4b6dc2ec29"
                            },
                            {
                                "file-name": "recon-all-status.log",
                                "md5sum": "1adb28b983393edf4edfb59907b48301"
                            },
                            {
                                "file-name": "recon-all.local-copy",
                                "md5sum": "1ca3508b301f82ad7abf6c21726184b9"
                            },
                            {
                                "file-name": "recon-all.error",
                                "md5sum": "d17be768788782089b3f08e0dfde241e"
                            },
                            {
                                "file-name": "recon-all.done",
                                "md5sum": "b026324c6904b2a9cb4b88d6d61c81d1"
                            }
                        ]
                    },
                    {
                        "file-name": "mri",
                        "files": [
                            {
                                "file-name": "transforms",
                                "files": [
                                    {
                                        "file-name": "bak",
                                        "files": []
                                    }
                                ]
                            },
                            {
                                "file-name": "orig",
                                "files": []
                            }
                        ]
                    },
                    {
                        "file-name": "surf",
                        "files": []
                    },
                    {
                        "file-name": "tmp",
                        "files": []
                    },
                    {
                        "file-name": "label",
                        "files": []
                    },
                    {
                        "file-name": "touch",
                        "files": []
                    },
                    {
                        "file-name": "stats",
                        "files": []
                    },
                    {
                        "file-name": "trash",
                        "files": []
                    }
                ]
            }
        }
    },
    "additional-information": null
}