{
    "summary": {
        "name": "fsl_fast",
        "descriptor-doi": "10.5281/zenodo.1494308",
        "date-time": "2021-02-17_09h54m46s372314ms"
    },
    "public-invocation": {
        "output_basename": "fast",
        "in_files": {
            "file-name": "t1.nii.gz",
            "md5sum": "1ededd81a26cf226985475f49068953e"
        }
    },
    "public-output": {
        "stdout": null,
        "stderr": null,
        "exit-code": 0,
        "error-message": "",
        "shell-command": "fast -o fast /home/mandana/CONP/conp-dataset/projects/openpain/cbp_resting/cbp10/t1/t1.nii.gz; mkdir fast; mv fast_* fast",
        "missing-files": {},
        "output-files": {
            "output_dir": {
                "file-name": "fast",
                "files": [
                    {
                        "file-name": "fast_mixeltype.nii.gz",
                        "md5sum": "9871b287ba22e37eda75ba1405d157ef"
                    },
                    {
                        "file-name": "fast_pve_0.nii.gz",
                        "md5sum": "92009295afe3301f1fe406a5128e2ebd"
                    },
                    {
                        "file-name": "fast_pve_1.nii.gz",
                        "md5sum": "53836dd134c8bf312dfd2a893a229d24"
                    },
                    {
                        "file-name": "fast_pve_2.nii.gz",
                        "md5sum": "702ef950de58660b18ae97b9f0ae4d53"
                    },
                    {
                        "file-name": "fast_pveseg.nii.gz",
                        "md5sum": "78028b951747cbef969d0e452dbc17a3"
                    },
                    {
                        "file-name": "fast_seg.nii.gz",
                        "md5sum": "e7c259fe9b0042d65a77b60f56523e98"
                    }
                ]
            }
        }
    },
    "additional-information": null
}