{
    "summary": {
        "name": "FslBet601",
        "descriptor-doi": "10.5281/zenodo.3267250",
        "date-time": "2021-02-16_11h31m32s924862ms"
    },
    "public-invocation": {
        "infile": {
            "file-name": "highres001_full_normfilter.nii.gz",
            "md5sum": "b745b83518ad96db7109b63db57f5f30"
        },
        "maskfile": "mask-2"
    },
    "public-output": {
        "stdout": null,
        "stderr": null,
        "exit-code": 0,
        "error-message": "",
        "shell-command": "bet /home/mandana/CONP/conp-dataset/projects/openpain/thermal/healthy010/t1/highres001_full_normfilter.nii.gz mask-2",
        "missing-files": {},
        "output-files": {
            "outfile": {
                "file-name": "mask-2.nii.gz",
                "md5sum": "af52bb5a762cf56d9723f686db28fd9e"
            }
        }
    },
    "additional-information": null
}