{
    "summary": {
        "name": "FreeSurfer-Recon-all",
        "descriptor-doi": "10.5281/zenodo.4043546",
        "date-time": "2021-04-02_14h09m40s515156ms"
    },
    "public-invocation": {
        "license": {
            "file-name": "license.txt",
            "md5sum": "f606798c4c204e59ee84e220a6d26426"
        },
        "subjid": "sub_10_control_site_2",
        "input": {
            "file-name": "sub_10_control_site_2_T1w.nii.gz",
            "md5sum": "c3f1f1e07de28fc1d22bcdd1f69190fe"
        },
        "directives": "-all"
    },
    "public-output": {
        "stdout": null,
        "stderr": null,
        "exit-code": 0,
        "error-message": "",
        "shell-command": "export SUBJECTS_DIR=`pwd`; export FS_LICENSE=`pwd`/license_FreeSurfer/license.txt; recon-all -subjid sub_10_control_site_2 -i conp-dataset/projects/openpain/BrainNetworkChange_Mano/sub_10_control_site_2/anat/sub_10_control_site_2_T1w.nii.gz -all",
        "missing-files": {},
        "output-files": {
            "subjid_output": {
                "file-name": "sub_10_control_site_2",
                "files": [
                    {
                        "file-name": "scripts",
                        "files": [
                            {
                                "file-name": "build-stamp.txt",
                                "md5sum": "507407bea2674bd0417252556017bace"
                            },
                            {
                                "file-name": "patchdir.txt",
                                "md5sum": "68b329da9893e34099c7d8ad5cb9c940"
                            },
                            {
                                "file-name": "lastcall.build-stamp.txt",
                                "md5sum": "507407bea2674bd0417252556017bace"
                            },
                            {
                                "file-name": "recon-config.yaml",
                                "md5sum": "1409d719f9e768aebd20106fd9942180"
                            },
                            {
                                "file-name": "unknown-args.txt",
                                "md5sum": "51287798ae5ce889db2cff76cfc535a0"
                            },
                            {
                                "file-name": "recon-all.cmd",
                                "md5sum": "8b5c8f8c60ce4019b3014abc508bfa87"
                            },
                            {
                                "file-name": "recon-all.env",
                                "md5sum": "8dca1bd25e6ef8a4a223d9fca334b46c"
                            },
                            {
                                "file-name": "recon-all.log",
                                "md5sum": "798f3964e721afbe22fe32333058ef6c"
                            },
                            {
                                "file-name": "recon-all-status.log",
                                "md5sum": "1aa5088ffa8faf2bb655bad9c9fe1e37"
                            },
                            {
                                "file-name": "recon-all.local-copy",
                                "md5sum": "1ca3508b301f82ad7abf6c21726184b9"
                            },
                            {
                                "file-name": "ponscc.cut.log",
                                "md5sum": "98bd1b7fa4765e8e4340734a8de00ecd"
                            },
                            {
                                "file-name": "defect2seg.log",
                                "md5sum": "60d03fc3c377f4fbf686f33d7c25b3e5"
                            },
                            {
                                "file-name": "pctsurfcon.log.old",
                                "md5sum": "6359dfa7f83ada5580a2a31439953108"
                            },
                            {
                                "file-name": "pctsurfcon.log",
                                "md5sum": "875092f678f7de76233cd67b57649b2b"
                            },
                            {
                                "file-name": "recon-all.done",
                                "md5sum": "628be37ee8afd3529ece2e10fbc3143f"
                            }
                        ]
                    },
                    {
                        "file-name": "mri",
                        "files": [
                            {
                                "file-name": "transforms",
                                "files": [
                                    {
                                        "file-name": "bak",
                                        "files": []
                                    },
                                    {
                                        "file-name": "talairach_avi.log",
                                        "md5sum": "22dc844cb94592f8c6a42f2c6c394d92"
                                    },
                                    {
                                        "file-name": "talairach.auto.xfm",
                                        "md5sum": "0c9ab529628b2b1219416373909cf5cd"
                                    },
                                    {
                                        "file-name": "talsrcimg_to_711-2C_as_mni_average_305_t4_vox2vox.txt",
                                        "md5sum": "b5d403b7d698f9be52b58198dceef99e"
                                    },
                                    {
                                        "file-name": "talairach.auto.xfm.lta",
                                        "md5sum": "f8eede37f25bb35582633b9311e6796d"
                                    },
                                    {
                                        "file-name": "talairach.xfm",
                                        "md5sum": "0c9ab529628b2b1219416373909cf5cd"
                                    },
                                    {
                                        "file-name": "talairach.xfm.lta",
                                        "md5sum": "d48248f648a9e98853774cedfaed5e8a"
                                    },
                                    {
                                        "file-name": "talairach_avi_QA.log",
                                        "md5sum": "a760bd9deb160464ab907a7a769d3c49"
                                    },
                                    {
                                        "file-name": "talairach_with_skull.lta",
                                        "md5sum": "d2b54f757fc320b171dc594f1d2325e4"
                                    },
                                    {
                                        "file-name": "talairach.lta",
                                        "md5sum": "acc64bae214e84ba64d0fe60d71ae5ad"
                                    },
                                    {
                                        "file-name": "talairach.m3z",
                                        "md5sum": "c76c54058dc443688318041ff8cfccb2"
                                    },
                                    {
                                        "file-name": "cc_up.lta",
                                        "md5sum": "2dda3164451fd5fb69c1b5b188d25bb5"
                                    }
                                ]
                            },
                            {
                                "file-name": "orig",
                                "files": [
                                    {
                                        "file-name": "001.mgz",
                                        "md5sum": "d3f90bd91de559556c4a6be586b7f47c"
                                    }
                                ]
                            },
                            {
                                "file-name": "rawavg.mgz",
                                "md5sum": "d3f90bd91de559556c4a6be586b7f47c"
                            },
                            {
                                "file-name": "orig.mgz",
                                "md5sum": "56ce729a7191ada77ee8cad729fe41c0"
                            },
                            {
                                "file-name": "orig_nu.mgz",
                                "md5sum": "d0a2af3a285e20b302cbd21e02c538f1"
                            },
                            {
                                "file-name": "mri_nu_correct.mni.log.bak",
                                "md5sum": "cce4c3b305263b06bbba1d541e3f36ab"
                            },
                            {
                                "file-name": "mri_nu_correct.mni.log",
                                "md5sum": "e6e14421ac5e8d3d621676f1c0060005"
                            },
                            {
                                "file-name": "nu.mgz",
                                "md5sum": "3bc7e58cf140f14bf51ea16b5951eb4e"
                            },
                            {
                                "file-name": "T1.mgz",
                                "md5sum": "0386780be5b2907d0a29230545627189"
                            },
                            {
                                "file-name": "talairach_with_skull.log",
                                "md5sum": "9d7f25a2e756f9c9060f781f3887d33d"
                            },
                            {
                                "file-name": "brainmask.auto.mgz",
                                "md5sum": "d1cff0604be5db13e34339eeb00ec1fb"
                            },
                            {
                                "file-name": "brainmask.mgz",
                                "md5sum": "d1cff0604be5db13e34339eeb00ec1fb"
                            },
                            {
                                "file-name": "talairach.log",
                                "md5sum": "02e01dfdd793edd53069e4649847abef"
                            },
                            {
                                "file-name": "norm.mgz",
                                "md5sum": "9c2284d1b9340498c9467da1fc36f18c"
                            },
                            {
                                "file-name": "ctrl_pts.mgz",
                                "md5sum": "06bedf1d29a6ec970232dec20461f46e"
                            },
                            {
                                "file-name": "talairach.label_intensities.txt",
                                "md5sum": "3a458584734bec952b5d251e0747c314"
                            },
                            {
                                "file-name": "aseg.auto_noCCseg.label_intensities.txt",
                                "md5sum": "3686fce991425b950f71b2035fb4866c"
                            },
                            {
                                "file-name": "aseg.auto_noCCseg.mgz",
                                "md5sum": "9ccd317d1cfe85f1c4814381a20f826b"
                            },
                            {
                                "file-name": "aseg.auto.mgz",
                                "md5sum": "1ac415376b04162bfaf0c849ab33cb8e"
                            },
                            {
                                "file-name": "aseg.presurf.mgz",
                                "md5sum": "1ac415376b04162bfaf0c849ab33cb8e"
                            },
                            {
                                "file-name": "brain.mgz",
                                "md5sum": "0a1a4e639981dc38e6a5c61d74637e56"
                            },
                            {
                                "file-name": "brain.finalsurfs.mgz",
                                "md5sum": "c1cdffe0b6400bf6eb6d14c5393d9da9"
                            },
                            {
                                "file-name": "antsdn.brain.mgz",
                                "md5sum": "e8c22e321f6c4343067c19734c11c22e"
                            },
                            {
                                "file-name": "segment.dat",
                                "md5sum": "68c44d5ac7fbf5ded4777a8bc2d6a564"
                            },
                            {
                                "file-name": "wm.seg.mgz",
                                "md5sum": "cd77c1782b17ff0d33294e6d386fad76"
                            },
                            {
                                "file-name": "wm.asegedit.mgz",
                                "md5sum": "2272019253f4c27c400069846d12d13d"
                            },
                            {
                                "file-name": "wm.mgz",
                                "md5sum": "504798e3cae9adab4d4c310a8ab14fbf"
                            },
                            {
                                "file-name": "filled.mgz",
                                "md5sum": "81c6c4fcf095f0ec11e0802f2c1caf66"
                            },
                            {
                                "file-name": "surface.defects.mgz",
                                "md5sum": "6216b275b0718b624efabdb9d9defa20"
                            },
                            {
                                "file-name": "ribbon.mgz",
                                "md5sum": "6a5e18a97bfc270ddcb9f2e6c180e2cf"
                            },
                            {
                                "file-name": "lh.ribbon.mgz",
                                "md5sum": "e64cbca73a26b2f0d6f76d88c5fd7340"
                            },
                            {
                                "file-name": "rh.ribbon.mgz",
                                "md5sum": "cdbfac615c6e5dfd26aeec41e064392d"
                            },
                            {
                                "file-name": "aseg.presurf.hypos.mgz",
                                "md5sum": "5eaa5f2e20268473fc5cba5d30e01cbb"
                            },
                            {
                                "file-name": "aseg.mgz",
                                "md5sum": "d995d254e18cfea303b4bde0c1dcaa32"
                            },
                            {
                                "file-name": "aparc+aseg.mgz",
                                "md5sum": "31f4169d07428ac98acff63c9e76bb46"
                            },
                            {
                                "file-name": "aparc.a2009s+aseg.mgz",
                                "md5sum": "7b07469f935813c9f223479248317ffc"
                            },
                            {
                                "file-name": "aparc.DKTatlas+aseg.mgz",
                                "md5sum": "863072fd57104a75071c2e4ef827c1a4"
                            },
                            {
                                "file-name": "wmparc.mgz",
                                "md5sum": "59e3db7697724fbc19bb35838ea74bac"
                            }
                        ]
                    },
                    {
                        "file-name": "surf",
                        "files": [
                            {
                                "file-name": "lh.orig.nofix",
                                "md5sum": "f22ffd6858440e88974d36ae52eb7d4b"
                            },
                            {
                                "file-name": "rh.orig.nofix",
                                "md5sum": "34734fcfacc78c0541d33fdd76b1ff95"
                            },
                            {
                                "file-name": "lh.smoothwm.nofix",
                                "md5sum": "74e6bf4228aa4536437d8d34dc5a6fad"
                            },
                            {
                                "file-name": "rh.smoothwm.nofix",
                                "md5sum": "62d1f46e204a501f434cd503fe870675"
                            },
                            {
                                "file-name": "lh.inflated.nofix",
                                "md5sum": "3061186d229b21516a664d30c345e54a"
                            },
                            {
                                "file-name": "rh.inflated.nofix",
                                "md5sum": "a8336cfd205b6f8de7c79464a73544a4"
                            },
                            {
                                "file-name": "lh.qsphere.nofix",
                                "md5sum": "0d1c28ef1e680e4c3e739080e998e1e6"
                            },
                            {
                                "file-name": "rh.qsphere.nofix",
                                "md5sum": "285ab36e3265f05e8e6d23f4d3d905c7"
                            },
                            {
                                "file-name": "lh.defect_labels",
                                "md5sum": "66336e884efb3c319aed988a002e5b0c"
                            },
                            {
                                "file-name": "lh.defect_borders",
                                "md5sum": "c2e1496312b56f7e45ba987b6228710c"
                            },
                            {
                                "file-name": "lh.defect_chull",
                                "md5sum": "c83bd4ce660c921cd581fd1323910922"
                            },
                            {
                                "file-name": "lh.orig.premesh",
                                "md5sum": "0f03900fab90fdd3377e1fcdc0bc1b97"
                            },
                            {
                                "file-name": "rh.defect_labels",
                                "md5sum": "8acea7dfcd15227d89c067b09b187f6d"
                            },
                            {
                                "file-name": "rh.defect_borders",
                                "md5sum": "9bd6f58bc9efa405aea4fc1cfc894475"
                            },
                            {
                                "file-name": "rh.defect_chull",
                                "md5sum": "2cc86d0bac78e8ec49253f935c853772"
                            },
                            {
                                "file-name": "rh.orig.premesh",
                                "md5sum": "9c7be60013dafef4e67f565e90e379ad"
                            },
                            {
                                "file-name": "lh.defects.pointset",
                                "md5sum": "29738c359fce753ae5a0f52aadfcb779"
                            },
                            {
                                "file-name": "rh.defects.pointset",
                                "md5sum": "02f44fcfa51641889ae0c9c25f134620"
                            },
                            {
                                "file-name": "lh.orig",
                                "md5sum": "b414845fbc1f765caec073e9c2dc92f3"
                            },
                            {
                                "file-name": "rh.orig",
                                "md5sum": "20426a2afc53b69c7b6755c55f2d003c"
                            },
                            {
                                "file-name": "autodet.gw.stats.lh.dat",
                                "md5sum": "e6d178e5952ef228392b109a224c32d3"
                            },
                            {
                                "file-name": "autodet.gw.stats.rh.dat",
                                "md5sum": "8e0a78846d0f2fd5fb9eec55d4b48a0e"
                            },
                            {
                                "file-name": "lh.white.preaparc",
                                "md5sum": "61244c6506d491e92fd7cc7192f76d52"
                            },
                            {
                                "file-name": "rh.white.preaparc",
                                "md5sum": "93c59be16ae9510910eff36888527045"
                            },
                            {
                                "file-name": "lh.smoothwm",
                                "md5sum": "2bb1505ee5cad53f94d11f733550c230"
                            },
                            {
                                "file-name": "rh.smoothwm",
                                "md5sum": "f94912bca6f3e4d770d0dd596183342c"
                            },
                            {
                                "file-name": "lh.inflated",
                                "md5sum": "ac7f9fa4a28c9192c7c59f4c60baa4d6"
                            },
                            {
                                "file-name": "lh.sulc",
                                "md5sum": "3cf34c967eaecea485e5fceeeb4c7b33"
                            },
                            {
                                "file-name": "rh.inflated",
                                "md5sum": "a0f5c6ee76374ce970b8315182b861ae"
                            },
                            {
                                "file-name": "rh.sulc",
                                "md5sum": "c9bf5220d7d5ef203bd88a417f9490a1"
                            },
                            {
                                "file-name": "lh.white.preaparc.K",
                                "md5sum": "847cefc349df2633bb9b8b287b8f7b82"
                            },
                            {
                                "file-name": "lh.white.preaparc.H",
                                "md5sum": "885da1a84f7871c6d8157ca965b80d51"
                            },
                            {
                                "file-name": "lh.white.H",
                                "md5sum": "885da1a84f7871c6d8157ca965b80d51"
                            },
                            {
                                "file-name": "lh.white.K",
                                "md5sum": "847cefc349df2633bb9b8b287b8f7b82"
                            },
                            {
                                "file-name": "lh.inflated.K",
                                "md5sum": "030d6212ca2a20ee915872a5cde41b62"
                            },
                            {
                                "file-name": "lh.inflated.H",
                                "md5sum": "a9314c446841184b5f96c9b00ead0ce6"
                            },
                            {
                                "file-name": "rh.white.preaparc.K",
                                "md5sum": "8deb1195f9747c323254f311dcf8e6a4"
                            },
                            {
                                "file-name": "rh.white.preaparc.H",
                                "md5sum": "62210123e470d63c4f2d5efde3e704b6"
                            },
                            {
                                "file-name": "rh.white.H",
                                "md5sum": "62210123e470d63c4f2d5efde3e704b6"
                            },
                            {
                                "file-name": "rh.white.K",
                                "md5sum": "8deb1195f9747c323254f311dcf8e6a4"
                            },
                            {
                                "file-name": "rh.inflated.K",
                                "md5sum": "6c02b2504034be5fd1cf219b0940f3a6"
                            },
                            {
                                "file-name": "rh.inflated.H",
                                "md5sum": "aba7396f04fd2696562fac0e884c4214"
                            },
                            {
                                "file-name": "lh.sphere",
                                "md5sum": "e560dfbcc4f21e187aa01bfb97bc3e5f"
                            },
                            {
                                "file-name": "rh.sphere",
                                "md5sum": "518e58e20b772ac6bd3e2f53dbb417fe"
                            },
                            {
                                "file-name": "lh.sphere.reg",
                                "md5sum": "60f1ff12300c4ef86c4c9f0ffc5296e9"
                            },
                            {
                                "file-name": "lh.fsaverage.sphere.reg",
                                "md5sum": "60f1ff12300c4ef86c4c9f0ffc5296e9"
                            },
                            {
                                "file-name": "rh.sphere.reg",
                                "md5sum": "e0308fd5f870e8f21e11fab292f47f4c"
                            },
                            {
                                "file-name": "rh.fsaverage.sphere.reg",
                                "md5sum": "e0308fd5f870e8f21e11fab292f47f4c"
                            },
                            {
                                "file-name": "lh.jacobian_white",
                                "md5sum": "8488381b98a7d907371432122ed05f2f"
                            },
                            {
                                "file-name": "rh.jacobian_white",
                                "md5sum": "dd8415700c6e9d32b2a70b7d80e60a27"
                            },
                            {
                                "file-name": "lh.avg_curv",
                                "md5sum": "a5f7854b196e3fb96923620e8de9c1b9"
                            },
                            {
                                "file-name": "rh.avg_curv",
                                "md5sum": "ab2557c940c44afae4be323e7cb84e6f"
                            },
                            {
                                "file-name": "lh.white",
                                "md5sum": "2ee8c22d075671d4e628b9eed06c8fdd"
                            },
                            {
                                "file-name": "rh.white",
                                "md5sum": "ba616c6ffe21078ff05ab9ad485044a0"
                            },
                            {
                                "file-name": "lh.pial.T1",
                                "md5sum": "7e6dcddcdde03b7c8c7fd1cbbc164132"
                            },
                            {
                                "file-name": "lh.pial",
                                "md5sum": "7e6dcddcdde03b7c8c7fd1cbbc164132"
                            },
                            {
                                "file-name": "rh.pial.T1",
                                "md5sum": "6893eea6f3282150dfcd75ea18fbfff3"
                            },
                            {
                                "file-name": "rh.pial",
                                "md5sum": "6893eea6f3282150dfcd75ea18fbfff3"
                            },
                            {
                                "file-name": "lh.curv",
                                "md5sum": "cf4e4587b16eeb85032862eeafb44542"
                            },
                            {
                                "file-name": "lh.area",
                                "md5sum": "e4f859a944106bb83eec2c444d672681"
                            },
                            {
                                "file-name": "lh.curv.pial",
                                "md5sum": "856a85490981a7aa86a85a3fe59aff48"
                            },
                            {
                                "file-name": "lh.area.pial",
                                "md5sum": "1e17ad5aea9c5750fc4a3c2cbb7fac06"
                            },
                            {
                                "file-name": "lh.thickness",
                                "md5sum": "b6bd1a6360e4eb7aa892527877999465"
                            },
                            {
                                "file-name": "lh.area.mid",
                                "md5sum": "40ab61485166695aa193dcb26d4b0c94"
                            },
                            {
                                "file-name": "lh.volume",
                                "md5sum": "99fc2100fea5f971bea3330a514216db"
                            },
                            {
                                "file-name": "rh.curv",
                                "md5sum": "ce7d01af27e0a3895f9c325f2b07252b"
                            },
                            {
                                "file-name": "rh.area",
                                "md5sum": "8523baad54efff1108885a88c9fabf3b"
                            },
                            {
                                "file-name": "rh.curv.pial",
                                "md5sum": "40680a5f60ced25eee87598dbb9d319b"
                            },
                            {
                                "file-name": "rh.area.pial",
                                "md5sum": "6189ded4432b62b0cda055304f1c19ca"
                            },
                            {
                                "file-name": "rh.thickness",
                                "md5sum": "dc9606d6cf73e2670515decfc80de4e5"
                            },
                            {
                                "file-name": "rh.area.mid",
                                "md5sum": "42f9d931f09b6066248f37b248f27462"
                            },
                            {
                                "file-name": "rh.volume",
                                "md5sum": "437bc27496e40de04269c7bd6be03aad"
                            },
                            {
                                "file-name": "lh.smoothwm.K.crv",
                                "md5sum": "f1eb95c9a83e66452daf84b9df661848"
                            },
                            {
                                "file-name": "lh.smoothwm.H.crv",
                                "md5sum": "c3ac766570386d46679c9eb58f381fec"
                            },
                            {
                                "file-name": "lh.smoothwm.K1.crv",
                                "md5sum": "d92f692ba8360ba5c6c1721aaf876363"
                            },
                            {
                                "file-name": "lh.smoothwm.K2.crv",
                                "md5sum": "79a4c9a2e96dbc807b8acdde2fb0c99c"
                            },
                            {
                                "file-name": "lh.smoothwm.S.crv",
                                "md5sum": "77b9a87650e184c26f0b709c16e4823c"
                            },
                            {
                                "file-name": "lh.smoothwm.C.crv",
                                "md5sum": "03b035fff53846a0cda314ae017cb820"
                            },
                            {
                                "file-name": "lh.smoothwm.BE.crv",
                                "md5sum": "e1abedfee44671f57537fe42f812287a"
                            },
                            {
                                "file-name": "lh.smoothwm.FI.crv",
                                "md5sum": "348747cc6d9f87761365e8363ffc30a3"
                            },
                            {
                                "file-name": "rh.smoothwm.K.crv",
                                "md5sum": "e2d8fd31e75245e7b3c318f3abdad5f1"
                            },
                            {
                                "file-name": "rh.smoothwm.H.crv",
                                "md5sum": "f8beb7508be2deb069fc756bfbd44166"
                            },
                            {
                                "file-name": "rh.smoothwm.K1.crv",
                                "md5sum": "b9aabf2fc5dc1a18bd520212fd786134"
                            },
                            {
                                "file-name": "rh.smoothwm.K2.crv",
                                "md5sum": "9101674e29882da64d9eb6b98762154d"
                            },
                            {
                                "file-name": "rh.smoothwm.S.crv",
                                "md5sum": "528c9a7af7b13e01293eb6d065e19743"
                            },
                            {
                                "file-name": "rh.smoothwm.C.crv",
                                "md5sum": "f0f168bcf0d91537a8fe0f8157ff6608"
                            },
                            {
                                "file-name": "rh.smoothwm.BE.crv",
                                "md5sum": "8710bac05b2cfec3e169962c3ddf22c2"
                            },
                            {
                                "file-name": "rh.smoothwm.FI.crv",
                                "md5sum": "8a31e69ae563faebd3e76a71f6324877"
                            },
                            {
                                "file-name": "lh.w-g.pct.mgh",
                                "md5sum": "f553cbb87722a0d62bfd80c515c6ef9f"
                            },
                            {
                                "file-name": "rh.w-g.pct.mgh",
                                "md5sum": "43ad402383b2ffa76bb3c93b3ee360d6"
                            }
                        ]
                    },
                    {
                        "file-name": "tmp",
                        "files": []
                    },
                    {
                        "file-name": "label",
                        "files": [
                            {
                                "file-name": "lh.cortex.label",
                                "md5sum": "922de642d7434bc3861aefef537b562b"
                            },
                            {
                                "file-name": "lh.cortex+hipamyg.label",
                                "md5sum": "cf52f187b95db2edc412082e5f553bb6"
                            },
                            {
                                "file-name": "rh.cortex.label",
                                "md5sum": "550e622f1da0ae2f94218c7dd9c40248"
                            },
                            {
                                "file-name": "rh.cortex+hipamyg.label",
                                "md5sum": "ffdbff38a43ffa03841c4740e182aeb3"
                            },
                            {
                                "file-name": "lh.aparc.annot",
                                "md5sum": "37a68dffa799bd354933ce91e6ae20af"
                            },
                            {
                                "file-name": "rh.aparc.annot",
                                "md5sum": "8ea6c67ed47466bc46bf44d2cfa02897"
                            },
                            {
                                "file-name": "lh.aparc.a2009s.annot",
                                "md5sum": "8c881e6c01c28c3745c7832b900dc35c"
                            },
                            {
                                "file-name": "rh.aparc.a2009s.annot",
                                "md5sum": "7d767b88b507e445adf9fe8c25010de1"
                            },
                            {
                                "file-name": "lh.aparc.DKTatlas.annot",
                                "md5sum": "17bdb74c487b75c81615fc9bc5b0b9d2"
                            },
                            {
                                "file-name": "rh.aparc.DKTatlas.annot",
                                "md5sum": "584ab50d29a6bb47e14a0b8776f2cd56"
                            },
                            {
                                "file-name": "aparc.annot.ctab",
                                "md5sum": "757e7e27742ae27d720f8fc37fbdaf36"
                            },
                            {
                                "file-name": "aparc.annot.a2009s.ctab",
                                "md5sum": "cf32a567746bf18e8b52c323dc152570"
                            },
                            {
                                "file-name": "aparc.annot.DKTatlas.ctab",
                                "md5sum": "757e7e27742ae27d720f8fc37fbdaf36"
                            },
                            {
                                "file-name": "lh.BA1_exvivo.label",
                                "md5sum": "8f5d4fcef8f1f6ee39b86bdc36405104"
                            },
                            {
                                "file-name": "lh.BA2_exvivo.label",
                                "md5sum": "f4b98e6d397dfc8d545d1bfde6793730"
                            },
                            {
                                "file-name": "lh.BA3a_exvivo.label",
                                "md5sum": "8e69e61e728f15f0b3c8397ff98c2061"
                            },
                            {
                                "file-name": "lh.BA3b_exvivo.label",
                                "md5sum": "52c1f6a8809be6052fae647def8b41a2"
                            },
                            {
                                "file-name": "lh.BA4a_exvivo.label",
                                "md5sum": "6aa2897513ebf6ddb33cbdd212c936a1"
                            },
                            {
                                "file-name": "lh.BA4p_exvivo.label",
                                "md5sum": "65111ece22ae9cdc68c6784892adebd7"
                            },
                            {
                                "file-name": "lh.BA6_exvivo.label",
                                "md5sum": "b275bbe21234892ca93da46a0d231f26"
                            },
                            {
                                "file-name": "lh.BA44_exvivo.label",
                                "md5sum": "033674ae531003203145bba3f9b070bc"
                            },
                            {
                                "file-name": "lh.BA45_exvivo.label",
                                "md5sum": "cb585735e65fcf6addb5be0b713290db"
                            },
                            {
                                "file-name": "lh.V1_exvivo.label",
                                "md5sum": "4a3f5d504ea24b64a1aece9184f274cc"
                            },
                            {
                                "file-name": "lh.V2_exvivo.label",
                                "md5sum": "9165a3dc36c4ac41111b2235088001cb"
                            },
                            {
                                "file-name": "lh.MT_exvivo.label",
                                "md5sum": "ee881779da5c9c992ba15b3793f508da"
                            },
                            {
                                "file-name": "lh.entorhinal_exvivo.label",
                                "md5sum": "07e1cc01f77b55af6e545561923fa831"
                            },
                            {
                                "file-name": "lh.perirhinal_exvivo.label",
                                "md5sum": "b89a8400e13a695a92b4ccef96e1e81c"
                            },
                            {
                                "file-name": "lh.FG1.mpm.vpnl.label",
                                "md5sum": "15ed42a7427c991378442ec9eb285fb4"
                            },
                            {
                                "file-name": "lh.FG2.mpm.vpnl.label",
                                "md5sum": "d13c884d6eea8329edc6374633e6690d"
                            },
                            {
                                "file-name": "lh.FG3.mpm.vpnl.label",
                                "md5sum": "553aa3961a302e0ac8c006245e6e43d6"
                            },
                            {
                                "file-name": "lh.FG4.mpm.vpnl.label",
                                "md5sum": "f4897c5b1c370e71626a693b24525d2a"
                            },
                            {
                                "file-name": "lh.hOc1.mpm.vpnl.label",
                                "md5sum": "cde41551cb3cf664a436868f0235d5ea"
                            },
                            {
                                "file-name": "lh.hOc2.mpm.vpnl.label",
                                "md5sum": "817d5fa074e682ef9d39308c29a6d89b"
                            },
                            {
                                "file-name": "lh.hOc3v.mpm.vpnl.label",
                                "md5sum": "785dea80a31ac00074c52cf84c01fd45"
                            },
                            {
                                "file-name": "lh.hOc4v.mpm.vpnl.label",
                                "md5sum": "315997de87e0f0523b093e55ce703880"
                            },
                            {
                                "file-name": "lh.mpm.vpnl.annot",
                                "md5sum": "a75414d0e4e3dcc16279867db13236ac"
                            },
                            {
                                "file-name": "lh.BA1_exvivo.thresh.label",
                                "md5sum": "c5cad561349c5ea1ff0e9e3649bcca7c"
                            },
                            {
                                "file-name": "lh.BA2_exvivo.thresh.label",
                                "md5sum": "adf32f2a621cbc3786d360dba0fb1729"
                            },
                            {
                                "file-name": "lh.BA3a_exvivo.thresh.label",
                                "md5sum": "6c6a57147e3fa84cc94d16328b3fb4e4"
                            },
                            {
                                "file-name": "lh.BA3b_exvivo.thresh.label",
                                "md5sum": "cb916baf81a65ed4ff18b3e287e3d430"
                            },
                            {
                                "file-name": "lh.BA4a_exvivo.thresh.label",
                                "md5sum": "3c39b8bc196db254bf6e29ff4c2d2dc5"
                            },
                            {
                                "file-name": "lh.BA4p_exvivo.thresh.label",
                                "md5sum": "f175c5de6d2daf64f179150bd5825689"
                            },
                            {
                                "file-name": "lh.BA6_exvivo.thresh.label",
                                "md5sum": "c77f659152d0ded57eb2bde7f964fb3d"
                            },
                            {
                                "file-name": "lh.BA44_exvivo.thresh.label",
                                "md5sum": "98f61b19fba1afd134936ccdd429d836"
                            },
                            {
                                "file-name": "lh.BA45_exvivo.thresh.label",
                                "md5sum": "77afab461ef8bf8eb06a40b03740d38a"
                            },
                            {
                                "file-name": "lh.V1_exvivo.thresh.label",
                                "md5sum": "e44a20900836c50dd53edd37eeb6f682"
                            },
                            {
                                "file-name": "lh.V2_exvivo.thresh.label",
                                "md5sum": "145879c3f842fd9e94a24ca8417a787b"
                            },
                            {
                                "file-name": "lh.MT_exvivo.thresh.label",
                                "md5sum": "ac3efbc5dbb2745d36328ed4d2865d46"
                            },
                            {
                                "file-name": "lh.entorhinal_exvivo.thresh.label",
                                "md5sum": "64fa6ecddd441d844977bf03f334556e"
                            },
                            {
                                "file-name": "lh.perirhinal_exvivo.thresh.label",
                                "md5sum": "9e57edb19ac50c9700a6c31fc2a67714"
                            },
                            {
                                "file-name": "lh.BA_exvivo.annot",
                                "md5sum": "6e0a6c0fc6a61f52790168b58ac47a88"
                            },
                            {
                                "file-name": "lh.BA_exvivo.thresh.annot",
                                "md5sum": "674668c87f88aa9c878c85f02cca5fdc"
                            },
                            {
                                "file-name": "BA_exvivo.ctab",
                                "md5sum": "f27e92c69d630519d63cd36b8fbabe95"
                            },
                            {
                                "file-name": "BA_exvivo.thresh.ctab",
                                "md5sum": "f27e92c69d630519d63cd36b8fbabe95"
                            },
                            {
                                "file-name": "rh.BA1_exvivo.label",
                                "md5sum": "5a4d62e42574612bdfc9392a97b915c6"
                            },
                            {
                                "file-name": "rh.BA2_exvivo.label",
                                "md5sum": "ef10c4bfa67ee2ff2682631074c2df1b"
                            },
                            {
                                "file-name": "rh.BA3a_exvivo.label",
                                "md5sum": "3f3a773d18a99fcb203f34db71805731"
                            },
                            {
                                "file-name": "rh.BA3b_exvivo.label",
                                "md5sum": "b59250b5648d3fa9f4f38f83b99f9b32"
                            },
                            {
                                "file-name": "rh.BA4a_exvivo.label",
                                "md5sum": "7974c3b3d51ce7b2590c27685254530e"
                            },
                            {
                                "file-name": "rh.BA4p_exvivo.label",
                                "md5sum": "a26d8a127f5a271750853e87a52d3a86"
                            },
                            {
                                "file-name": "rh.BA6_exvivo.label",
                                "md5sum": "baf6bf18e160bfc613216380dc1ffb01"
                            },
                            {
                                "file-name": "rh.BA44_exvivo.label",
                                "md5sum": "291f5bddbdfed655c55c358a49e3b797"
                            },
                            {
                                "file-name": "rh.BA45_exvivo.label",
                                "md5sum": "4c5a1681c04e0b202be745bd44c63073"
                            },
                            {
                                "file-name": "rh.V1_exvivo.label",
                                "md5sum": "3c18eeb15a531cdbd70d87fbefe22387"
                            },
                            {
                                "file-name": "rh.V2_exvivo.label",
                                "md5sum": "b2a84e889749ad2d52e05ca5b58d8b8d"
                            },
                            {
                                "file-name": "rh.MT_exvivo.label",
                                "md5sum": "46b5b9184e480b2096a2fd31b5ebece5"
                            },
                            {
                                "file-name": "rh.entorhinal_exvivo.label",
                                "md5sum": "df710da62e86d68ccf0cc23b5fecf4c2"
                            },
                            {
                                "file-name": "rh.perirhinal_exvivo.label",
                                "md5sum": "fd598539b250dcb3d130699a5e04601f"
                            },
                            {
                                "file-name": "rh.FG1.mpm.vpnl.label",
                                "md5sum": "88bedaf6e2a15024c09d64b04c8e2176"
                            },
                            {
                                "file-name": "rh.FG2.mpm.vpnl.label",
                                "md5sum": "22cfad553e8da8343d2d63fd555edfb5"
                            },
                            {
                                "file-name": "rh.FG3.mpm.vpnl.label",
                                "md5sum": "9dc47218844f10235db07c33262be114"
                            },
                            {
                                "file-name": "rh.FG4.mpm.vpnl.label",
                                "md5sum": "f39a2f7d346f941b0ef795a1f88edd88"
                            },
                            {
                                "file-name": "rh.hOc1.mpm.vpnl.label",
                                "md5sum": "97254a0267f6124dd113e53b1cc2b880"
                            },
                            {
                                "file-name": "rh.hOc2.mpm.vpnl.label",
                                "md5sum": "e6c2150601dedff49f8a9df638dff04b"
                            },
                            {
                                "file-name": "rh.hOc3v.mpm.vpnl.label",
                                "md5sum": "5d70357b363e134869059046995be8cb"
                            },
                            {
                                "file-name": "rh.hOc4v.mpm.vpnl.label",
                                "md5sum": "305d628008adce9af53c79e00fd6cfdb"
                            },
                            {
                                "file-name": "rh.mpm.vpnl.annot",
                                "md5sum": "15a941543fecc8ddeab0bbda52655a21"
                            },
                            {
                                "file-name": "rh.BA1_exvivo.thresh.label",
                                "md5sum": "655ca4985256d81b2f0bfdd7573e3743"
                            },
                            {
                                "file-name": "rh.BA2_exvivo.thresh.label",
                                "md5sum": "a1937247ca7b204b130cee4c6a77f23a"
                            },
                            {
                                "file-name": "rh.BA3a_exvivo.thresh.label",
                                "md5sum": "bc67bad5f031ab8f92296eba3c6819cf"
                            },
                            {
                                "file-name": "rh.BA3b_exvivo.thresh.label",
                                "md5sum": "11a450cca83fb9f8eee6b2e2f988a550"
                            },
                            {
                                "file-name": "rh.BA4a_exvivo.thresh.label",
                                "md5sum": "568a94a04492ac04ccec680afd521210"
                            },
                            {
                                "file-name": "rh.BA4p_exvivo.thresh.label",
                                "md5sum": "edccf214bb44605d72f5bb8f5c134b9d"
                            },
                            {
                                "file-name": "rh.BA6_exvivo.thresh.label",
                                "md5sum": "44a77c0fc102fa9feb7df135e3f356f5"
                            },
                            {
                                "file-name": "rh.BA44_exvivo.thresh.label",
                                "md5sum": "5f5bd0fe07b3a35fd0165ef6ccf8ad12"
                            },
                            {
                                "file-name": "rh.BA45_exvivo.thresh.label",
                                "md5sum": "6a6e1f224df0aa3f3e8e93b8fbcf3da7"
                            },
                            {
                                "file-name": "rh.V1_exvivo.thresh.label",
                                "md5sum": "6c1ebf0fc1c6456400bc4eecce0eda57"
                            },
                            {
                                "file-name": "rh.V2_exvivo.thresh.label",
                                "md5sum": "18bb53e58f5286d7ddd45a996d0f3fa3"
                            },
                            {
                                "file-name": "rh.MT_exvivo.thresh.label",
                                "md5sum": "40daf5a9418cf9d1422eab56249b036e"
                            },
                            {
                                "file-name": "rh.entorhinal_exvivo.thresh.label",
                                "md5sum": "07f82b2073a74e936c2d548ed2da034f"
                            },
                            {
                                "file-name": "rh.perirhinal_exvivo.thresh.label",
                                "md5sum": "9ae404264eb6db98f0823afc640d37dd"
                            },
                            {
                                "file-name": "rh.BA_exvivo.annot",
                                "md5sum": "fcab64b2b61be9400627596b9c3306e7"
                            },
                            {
                                "file-name": "rh.BA_exvivo.thresh.annot",
                                "md5sum": "6fe5a6751165d7a71f06b43b67f14c0e"
                            }
                        ]
                    },
                    {
                        "file-name": "touch",
                        "files": [
                            {
                                "file-name": "conform.touch",
                                "md5sum": "f5f369f6d7c28eb0b46c76e51b6d7576"
                            },
                            {
                                "file-name": "talairach.touch",
                                "md5sum": "b81f486efc083dc9f5654744f1b3defc"
                            },
                            {
                                "file-name": "nu.touch",
                                "md5sum": "e80586220bc95c277d693d44c287227f"
                            },
                            {
                                "file-name": "inorm1.touch",
                                "md5sum": "abc7831cf0431a603096efc9d74adac6"
                            },
                            {
                                "file-name": "skull.lta.touch",
                                "md5sum": "a6239144b250bd2e80084ec09d45d2a4"
                            },
                            {
                                "file-name": "skull_strip.touch",
                                "md5sum": "e8d0f65e2c1ee53241191fb11b5406cc"
                            },
                            {
                                "file-name": "em_register.touch",
                                "md5sum": "6d297290fcc2d257309a2a77f43baeb9"
                            },
                            {
                                "file-name": "ca_normalize.touch",
                                "md5sum": "b6f29e339f1017f03af933f51dead61f"
                            },
                            {
                                "file-name": "ca_register.touch",
                                "md5sum": "b6d4b790942f9488f48047eed4068ba2"
                            },
                            {
                                "file-name": "ca_label.touch",
                                "md5sum": "ba4c35e688e39527a547573997ee238d"
                            },
                            {
                                "file-name": "asegmerge.touch",
                                "md5sum": "bbcca4705300ca1849ff4e55071aba92"
                            },
                            {
                                "file-name": "inorm2.touch",
                                "md5sum": "ef94094f38552de711f9b36b50afd694"
                            },
                            {
                                "file-name": "wmsegment.touch",
                                "md5sum": "9d5b43abe2bc3d3eb3be78fd7d562ff1"
                            },
                            {
                                "file-name": "fill.touch",
                                "md5sum": "0dfd681b3b9253245537317c2d66ad18"
                            },
                            {
                                "file-name": "lh.tessellate.touch",
                                "md5sum": "bf965e117dff279f90fc72949694f931"
                            },
                            {
                                "file-name": "rh.tessellate.touch",
                                "md5sum": "f57b379b4afe9531c213fd8444cd603b"
                            },
                            {
                                "file-name": "lh.smoothwm1.touch",
                                "md5sum": "b8ffed1ee22a504731c39ef3a33ba9aa"
                            },
                            {
                                "file-name": "rh.smoothwm1.touch",
                                "md5sum": "4f0c2c4f377aef49b38a78ed88bfa13a"
                            },
                            {
                                "file-name": "lh.inflate1.touch",
                                "md5sum": "f52dad9629924298ee69acc1c3a1c652"
                            },
                            {
                                "file-name": "rh.inflate1.touch",
                                "md5sum": "57cad7f49edee894fda38c94b520b5ca"
                            },
                            {
                                "file-name": "lh.qsphere.touch",
                                "md5sum": "545f7e3099965a1f78f5ac84ad92375d"
                            },
                            {
                                "file-name": "rh.qsphere.touch",
                                "md5sum": "2eacd6dfedc4af32d83f803a6f7acb88"
                            },
                            {
                                "file-name": "lh.topofix.touch",
                                "md5sum": "3edec4dc4f85b33909fd92f44e03be92"
                            },
                            {
                                "file-name": "rh.topofix.touch",
                                "md5sum": "b3e02688509265a5315e4391527f6404"
                            },
                            {
                                "file-name": "lh.autodet.gw.stats.touch",
                                "md5sum": "e973c2b32d8ec5c984861a7a934f1349"
                            },
                            {
                                "file-name": "rh.autodet.gw.stats.touch",
                                "md5sum": "bb5109cb17047ff1cd4c5582195f56da"
                            },
                            {
                                "file-name": "lh.white.preaparc.touch",
                                "md5sum": "5a3eee06632ec07bde4fd40d448b5c11"
                            },
                            {
                                "file-name": "rh.white.preaparc.touch",
                                "md5sum": "cdb42dddfc8933a6766c669cb3012130"
                            },
                            {
                                "file-name": "lh.cortex.touch",
                                "md5sum": "596c3c2459f0d877a3420a8f63e661df"
                            },
                            {
                                "file-name": "lh.cortex+hipamyg.touch",
                                "md5sum": "8f87e26eaf5bb255fc650de950173bbe"
                            },
                            {
                                "file-name": "rh.cortex.touch",
                                "md5sum": "cd7c2b6efc8849eae9c3684d486787fd"
                            },
                            {
                                "file-name": "rh.cortex+hipamyg.touch",
                                "md5sum": "3e78fd5d5a94c9f418878a1c0813b8ef"
                            },
                            {
                                "file-name": "lh.smoothwm2.touch",
                                "md5sum": "b068b15ecff4cb8238382e1a028ddb38"
                            },
                            {
                                "file-name": "rh.smoothwm2.touch",
                                "md5sum": "6ace3898d8a677554350470a8ef0d504"
                            },
                            {
                                "file-name": "lh.inflate2.touch",
                                "md5sum": "35d96c8fe434330e1b0f2f083712538b"
                            },
                            {
                                "file-name": "rh.inflate2.touch",
                                "md5sum": "9bcdf48f11d014659e703e6af199c2f7"
                            },
                            {
                                "file-name": "lh.white.H.K.touch",
                                "md5sum": "c0278016cfb80d723b48390d41eda54d"
                            },
                            {
                                "file-name": "lh.inflate.H.K.touch",
                                "md5sum": "8041f4bdc7f2dce2ab252147727517b8"
                            },
                            {
                                "file-name": "rh.white.H.K.touch",
                                "md5sum": "ee57c1b9862251ca3af97cb22df65c00"
                            },
                            {
                                "file-name": "rh.inflate.H.K.touch",
                                "md5sum": "cb48285f1fbc58f331b64f01e42c3da8"
                            },
                            {
                                "file-name": "lh.sphmorph.touch",
                                "md5sum": "161d0e2d1502bc594334528d9ac5a106"
                            },
                            {
                                "file-name": "rh.sphmorph.touch",
                                "md5sum": "8f99840e77c14780b44d5c86450c0bcc"
                            },
                            {
                                "file-name": "lh.sphreg.touch",
                                "md5sum": "cf992a00af917939ee57352e305e35db"
                            },
                            {
                                "file-name": "rh.sphreg.touch",
                                "md5sum": "d6dfa83dd8a8eb65011d3776b0c5656d"
                            },
                            {
                                "file-name": "lh.jacobian_white.touch",
                                "md5sum": "bbbdb2678bfbad9f1a9956fd37c30342"
                            },
                            {
                                "file-name": "rh.jacobian_white.touch",
                                "md5sum": "a82f023bb20369b96d502fad8419ecfb"
                            },
                            {
                                "file-name": "lh.avgcurv.touch",
                                "md5sum": "a68983b8d25139520021d1ed50d793ea"
                            },
                            {
                                "file-name": "rh.avgcurv.touch",
                                "md5sum": "6d0656bdb000227772f4d8288a90dffb"
                            },
                            {
                                "file-name": "lh.aparc.touch",
                                "md5sum": "0333063feee62d28a6a50908ba273077"
                            },
                            {
                                "file-name": "rh.aparc.touch",
                                "md5sum": "5c1a5a377e82864b0dbcae072ab13b46"
                            },
                            {
                                "file-name": "lh.white.touch",
                                "md5sum": "87296d420b45b71a096337fd940d5bc2"
                            },
                            {
                                "file-name": "rh.white.touch",
                                "md5sum": "4b1705d5bcb2017c41e64aecf1396d7a"
                            },
                            {
                                "file-name": "lh.curvstats.touch",
                                "md5sum": "39dcbd4877f21351b0b51a67ce665152"
                            },
                            {
                                "file-name": "rh.curvstats.touch",
                                "md5sum": "3b39a85c5a62ab8550dfef8742cf890c"
                            },
                            {
                                "file-name": "cortical_ribbon.touch",
                                "md5sum": "ddfb67e39fcd2a6ceff747bdaf806634"
                            },
                            {
                                "file-name": "lh.aparc2.touch",
                                "md5sum": "0d4435b32a92515cdba6e5bd2d76961a"
                            },
                            {
                                "file-name": "rh.aparc2.touch",
                                "md5sum": "943892fddd07f6240b052de3f3c01c71"
                            },
                            {
                                "file-name": "lh.pctsurfcon.touch",
                                "md5sum": "f982243d60283fd65e5a0dc257f406b6"
                            },
                            {
                                "file-name": "rh.pctsurfcon.touch",
                                "md5sum": "0da86e169fce18b9de9f2b812d35a3d4"
                            },
                            {
                                "file-name": "relabelhypos.touch",
                                "md5sum": "505c3d4493b7e2139f92bc5e6d7e02d2"
                            },
                            {
                                "file-name": "apas2aseg.touch",
                                "md5sum": "f7817d586dd6351ad54e6c76e01ea8e2"
                            },
                            {
                                "file-name": "wmaparc.stats.touch",
                                "md5sum": "5ecdb09adc0e7c82df2047c2e20ede60"
                            },
                            {
                                "file-name": "lh.aparcstats.touch",
                                "md5sum": "567497f3397275998f211e4650a40449"
                            },
                            {
                                "file-name": "rh.aparcstats.touch",
                                "md5sum": "6e8fb7d7fe50f1f26f501489b211eba8"
                            },
                            {
                                "file-name": "lh.aparcstats2.touch",
                                "md5sum": "3612cd99a6e85c05ae3faa2bf7580ed4"
                            },
                            {
                                "file-name": "rh.aparcstats2.touch",
                                "md5sum": "a7dc26a64c21ee00a184847a3fc6a25d"
                            },
                            {
                                "file-name": "lh.aparcstats3.touch",
                                "md5sum": "bb66c2485e08d4e53701a1dc503b52cf"
                            },
                            {
                                "file-name": "rh.aparcstats3.touch",
                                "md5sum": "0da2108e6f20121e56edf6cd06ddff99"
                            },
                            {
                                "file-name": "segstats.touch",
                                "md5sum": "0d24234c02cbf8735e466a8bd83d6c1f"
                            }
                        ]
                    },
                    {
                        "file-name": "stats",
                        "files": [
                            {
                                "file-name": "lh.curv.stats",
                                "md5sum": "534056f90168633264ddb4d606740293"
                            },
                            {
                                "file-name": "rh.curv.stats",
                                "md5sum": "bb93be666142eb1517fd3556c58200d0"
                            },
                            {
                                "file-name": "lh.w-g.pct.stats",
                                "md5sum": "29c079f4735a5e96d158ded0b4667081"
                            },
                            {
                                "file-name": "rh.w-g.pct.stats",
                                "md5sum": "cf03df92a6ebdc7b7a7f15922beba0fe"
                            },
                            {
                                "file-name": "brainvol.stats",
                                "md5sum": "4d9381b648dbd60ce3fa9ac5f66f6ef1"
                            },
                            {
                                "file-name": "wmparc.stats",
                                "md5sum": "69b16b883570a80a113d4d29b06c9fc4"
                            },
                            {
                                "file-name": "lh.aparc.stats",
                                "md5sum": "9a4dd634ca93edd1021e8684d4308b22"
                            },
                            {
                                "file-name": "lh.aparc.pial.stats",
                                "md5sum": "dada7e25caeeae12a538982324731679"
                            },
                            {
                                "file-name": "rh.aparc.stats",
                                "md5sum": "951d5833986126900213a7314888ec82"
                            },
                            {
                                "file-name": "rh.aparc.pial.stats",
                                "md5sum": "06bafa380d86a4335336b040d3c781af"
                            },
                            {
                                "file-name": "lh.aparc.a2009s.stats",
                                "md5sum": "01c8b720cc13cdfa3af9f74e5d8285e8"
                            },
                            {
                                "file-name": "rh.aparc.a2009s.stats",
                                "md5sum": "0d7aa8e455b6d5353332ddca1d4d89e6"
                            },
                            {
                                "file-name": "lh.aparc.DKTatlas.stats",
                                "md5sum": "0a2e502d181b596613489949f86e4c6a"
                            },
                            {
                                "file-name": "rh.aparc.DKTatlas.stats",
                                "md5sum": "1f13c9dc47946c43a6a7039e5c4ff00e"
                            },
                            {
                                "file-name": "aseg.stats",
                                "md5sum": "23ea23da71d2900649840501454fb40e"
                            },
                            {
                                "file-name": "lh.BA_exvivo.stats",
                                "md5sum": "d731f81fae74b066779adb992c81cfbb"
                            },
                            {
                                "file-name": "lh.BA_exvivo.thresh.stats",
                                "md5sum": "ade030cb619394bb24592a5ff2607b1f"
                            },
                            {
                                "file-name": "rh.BA_exvivo.stats",
                                "md5sum": "0268a5143a9ebc05e5be3c97c9b2a351"
                            },
                            {
                                "file-name": "rh.BA_exvivo.thresh.stats",
                                "md5sum": "d3313ff3ec85fcc5abc9508529b77dd5"
                            }
                        ]
                    },
                    {
                        "file-name": "trash",
                        "files": []
                    }
                ]
            }
        }
    },
    "additional-information": null
}