{
    "summary": {
        "name": "fsl_bet",
        "descriptor-doi": "10.5281/zenodo.1482743",
        "date-time": "2021-02-13_14h53m27s745695ms"
    },
    "public-invocation": {
        "infile": {
            "file-name": "sub_10_control_site_2_T1w.nii.gz",
            "md5sum": "c3f1f1e07de28fc1d22bcdd1f69190fe"
        },
        "maskfile": "mask-7"
    },
    "public-output": {
        "stdout": null,
        "stderr": null,
        "exit-code": 0,
        "error-message": "",
        "shell-command": "bet /home/mandana/CONP/conp-dataset/projects/openpain/BrainNetworkChange_Mano/sub_10_control_site_2/anat/sub_10_control_site_2_T1w.nii.gz mask-7",
        "missing-files": {},
        "output-files": {
            "outfile": {
                "file-name": "mask-7.nii.gz",
                "md5sum": "7e6d36cc130cf6341816d3e85f955acb"
            }
        }
    },
    "additional-information": null
}