{
    "summary": {
        "name": "fsl_bet",
        "descriptor-doi": "10.5281/zenodo.1482743",
        "date-time": "2021-02-13_12h34m02s548690ms"
    },
    "public-invocation": {
        "infile": {
            "file-name": "lc_fastqs.tar.gz",
            "not_found": true
        },
        "maskfile": "/home/mandana/CONP/pipelines/oneVoxel/fslbet/masks/mask-4.nii.gz"
    },
    "public-output": {
        "stdout": null,
        "stderr": null,
        "exit-code": 1,
        "error-message": "",
        "shell-command": "bet /home/mandana/CONP/conp-dataset/projects/mm_neo_atlas/lc_fastqs.tar.gz /home/mandana/CONP/pipelines/oneVoxel/fslbet/masks/mask-4.nii.gz",
        "missing-files": {},
        "output-files": {}
    },
    "additional-information": null
}