{
    "summary": {
        "name": "fsl_first",
        "descriptor-doi": "10.5281/zenodo.1494312",
        "date-time": "2021-03-22_10h22m32s377178ms"
    },
    "public-invocation": {
        "input_file": {
            "file-name": "sub-06_space-MNI152NLin2009cAsym_desc-grey_mask-copy.nii.gz",
            "md5sum": "ff4867c067b8151e2d651ee08eccba91"
        },
        "prefix": "output"
    },
    "public-output": {
        "stdout": null,
        "stderr": null,
        "exit-code": 137,
        "error-message": "",
        "shell-command": "mkdir -p /home/mandana/CONP/conp-dataset/projects/Learning_Naturalistic_Structure__Processed_fMRI_dataset/sub-06_space-MNI152NLin2009cAsym_desc-grey_mask-copy; run_first_all -i /home/mandana/CONP/conp-dataset/projects/Learning_Naturalistic_Structure__Processed_fMRI_dataset/sub-06_space-MNI152NLin2009cAsym_desc-grey_mask-copy.nii.gz -o /home/mandana/CONP/conp-dataset/projects/Learning_Naturalistic_Structure__Processed_fMRI_dataset/sub-06_space-MNI152NLin2009cAsym_desc-grey_mask-copy/output",
        "missing-files": {},
        "output-files": {
            "outputs": {
                "file-name": "sub-06_space-MNI152NLin2009cAsym_desc-grey_mask-copy",
                "files": [
                    {
                        "file-name": "output.logs",
                        "files": [
                            {
                                "file-name": "first_flirt.o82",
                                "md5sum": "aef96ccf7d3223365a6c6ecb9dc3c398"
                            },
                            {
                                "file-name": "first_flirt.e82",
                                "md5sum": "d41d8cd98f00b204e9800998ecf8427e"
                            },
                            {
                                "file-name": "first.o218.1",
                                "md5sum": "eb1920f02df9f35ef8f2c232d1d0fb95"
                            },
                            {
                                "file-name": "first.e218.1",
                                "md5sum": "5e3b56aa0fb2d2d0b1d2fda248e064ab"
                            },
                            {
                                "file-name": "first.o218.2",
                                "md5sum": "6cc9fc17fb6f4ea64c2c224eaba920c4"
                            },
                            {
                                "file-name": "first.e218.2",
                                "md5sum": "8affe98a4ea584e37e0b75fdc657cf44"
                            },
                            {
                                "file-name": "first.o218.3",
                                "md5sum": "6cc3e2ae4ffa9816e732b3249f716cc5"
                            },
                            {
                                "file-name": "first.e218.3",
                                "md5sum": "a85c103f4816b075a56c002989992520"
                            },
                            {
                                "file-name": "first.o218.4",
                                "md5sum": "d77cb8541eaef9c0e253bfeace1741e7"
                            },
                            {
                                "file-name": "first.e218.4",
                                "md5sum": "2c5407bb21c80dc41d219ce4939fdd94"
                            },
                            {
                                "file-name": "first.o218.5",
                                "md5sum": "8178b8ddbfa20954faba9ec419f83f32"
                            },
                            {
                                "file-name": "first.e218.5",
                                "md5sum": "d41d8cd98f00b204e9800998ecf8427e"
                            },
                            {
                                "file-name": "first_flirt.o81",
                                "md5sum": "aef96ccf7d3223365a6c6ecb9dc3c398"
                            },
                            {
                                "file-name": "first_flirt.e81",
                                "md5sum": "d41d8cd98f00b204e9800998ecf8427e"
                            },
                            {
                                "file-name": "first.o217.1",
                                "md5sum": "eb1920f02df9f35ef8f2c232d1d0fb95"
                            },
                            {
                                "file-name": "first.e217.1",
                                "md5sum": "66ea1f0366b8965c1cc7f25b2fa3e8f6"
                            },
                            {
                                "file-name": "first.o217.2",
                                "md5sum": "6cc9fc17fb6f4ea64c2c224eaba920c4"
                            },
                            {
                                "file-name": "first.e217.2",
                                "md5sum": "44dc6135606a0f4566cd496376445137"
                            },
                            {
                                "file-name": "first.o217.3",
                                "md5sum": "6cc3e2ae4ffa9816e732b3249f716cc5"
                            },
                            {
                                "file-name": "first.e217.3",
                                "md5sum": "b90381b48fba0e68f4c96f6a3bc41e2f"
                            },
                            {
                                "file-name": "first.o217.4",
                                "md5sum": "d77cb8541eaef9c0e253bfeace1741e7"
                            },
                            {
                                "file-name": "first.e217.4",
                                "md5sum": "19355a44c051a1e371a1fa86e75c56f2"
                            },
                            {
                                "file-name": "first.o217.5",
                                "md5sum": "8178b8ddbfa20954faba9ec419f83f32"
                            },
                            {
                                "file-name": "first.e217.5",
                                "md5sum": "d41d8cd98f00b204e9800998ecf8427e"
                            }
                        ]
                    },
                    {
                        "file-name": "output-L_Accu_first.nii.gz",
                        "md5sum": "a5ea066f066cd42edb9a1eebebf76eee"
                    },
                    {
                        "file-name": "output-L_Accu_first.bvars",
                        "md5sum": "5b387bbe5f6dba3769025ff47f6ecdf0"
                    },
                    {
                        "file-name": "output-L_Accu_first.vtk",
                        "md5sum": "5d528f0533dfd7cdbb67f3ca0714a1d7"
                    },
                    {
                        "file-name": "output-L_Amyg_first.nii.gz",
                        "md5sum": "11e52330b975918cd479fcfb6fe88555"
                    },
                    {
                        "file-name": "output-L_Amyg_first.bvars",
                        "md5sum": "91e9db938daf473774654fd6a99442c7"
                    },
                    {
                        "file-name": "output-L_Amyg_first.vtk",
                        "md5sum": "7be079b2071f2e2abba2964c4679a3ae"
                    },
                    {
                        "file-name": "output-L_Caud_first.nii.gz",
                        "md5sum": "b2f464b85dbcedea43b1e1f87c651b5d"
                    },
                    {
                        "file-name": "output-L_Caud_first.bvars",
                        "md5sum": "c1641d1a39e9271065849279517d1ab5"
                    },
                    {
                        "file-name": "output-L_Caud_first.vtk",
                        "md5sum": "54867a8d086c2586c16e6b4576479ddf"
                    },
                    {
                        "file-name": "output-L_Hipp_first.nii.gz",
                        "md5sum": "77d98aaf6fd96a215f87880e8e228db4"
                    },
                    {
                        "file-name": "output-L_Hipp_first.bvars",
                        "md5sum": "3113cd5b55558e4e56a779262b0ba976"
                    },
                    {
                        "file-name": "output-L_Hipp_first.vtk",
                        "md5sum": "8c6536049755ebadf2a1398b1484de43"
                    },
                    {
                        "file-name": "output-L_Pall_first.nii.gz",
                        "md5sum": "9dd548e6708ae214e9c055de15e87829"
                    },
                    {
                        "file-name": "output-L_Pall_first.bvars",
                        "md5sum": "33d69bfd40db9bce6fa9f4b35b8ff877"
                    },
                    {
                        "file-name": "output-L_Pall_first.vtk",
                        "md5sum": "ce04e0607d63453432fbe3d327e061e7"
                    },
                    {
                        "file-name": "output.com",
                        "md5sum": "13f457d3278b9b14ac65d498fdf5de91"
                    }
                ]
            },
            "std_sub_outputs": {
                "file-name": "sub-06_space-MNI152NLin2009cAsym_desc-grey_mask-copy_to_std_sub.mat",
                "md5sum": "48c0078ffd9dbe599484e4a1bba13be7"
            }
        }
    },
    "additional-information": null
}