{
    "summary": {
        "name": "fsl_bet",
        "descriptor-doi": "10.5281/zenodo.1482743",
        "date-time": "2021-02-13_14h08m50s780013ms"
    },
    "public-invocation": {
        "infile": {
            "file-name": "sub-9962084_ses-NAPEN00_run-001_T1w.nii.gz",
            "md5sum": "84f41615e1fe7abadc1c3f4ba1e3ffc6"
        },
        "maskfile": "mask-13"
    },
    "public-output": {
        "stdout": null,
        "stderr": null,
        "exit-code": 0,
        "error-message": "",
        "shell-command": "bet /home/mandana/CONP/conp-dataset/projects/preventad-open-bids/BIDS_dataset/sub-9962084/ses-NAPEN00/anat/sub-9962084_ses-NAPEN00_run-001_T1w.nii.gz mask-13",
        "missing-files": {},
        "output-files": {
            "outfile": {
                "file-name": "mask-13.nii.gz",
                "md5sum": "b02a07829077ec7a43d1a230c557e0a3"
            }
        }
    },
    "additional-information": null
}