{
    "summary": {
        "name": "fsl_anat",
        "descriptor-doi": "10.5281/zenodo.3899496",
        "date-time": "2021-02-11_19h27m25s292127ms"
    },
    "public-invocation": {
        "infile": {
            "file-name": "sub-9962084_ses-NAPEN00_run-001_T1w.nii.gz",
            "md5sum": "84f41615e1fe7abadc1c3f4ba1e3ffc6"
        },
        "outdir": "/home/mandana/CONP/pipelines/fsl_anat/results/"
    },
    "public-output": {
        "stdout": null,
        "stderr": null,
        "exit-code": 1,
        "error-message": "",
        "shell-command": "fsl_anat -i /home/mandana/CONP/conp-dataset/projects/preventad-open-bids/BIDS_dataset/sub-9962084/ses-NAPEN00/anat/sub-9962084_ses-NAPEN00_run-001_T1w.nii.gz -o /home/mandana/CONP/pipelines/fsl_anat/results/",
        "missing-files": {
            "folder_out": "/home/mandana/CONP/pipelines/fsl_anat/results/.anat"
        },
        "output-files": {}
    },
    "additional-information": null
}