{
    "summary": {
        "name": "fsl_bet",
        "descriptor-doi": "10.5281/zenodo.1482743",
        "date-time": "2021-02-13_12h34m04s390296ms"
    },
    "public-invocation": {
        "infile": {
            "file-name": "bigbrain.loris.ca_BigBrainRelease.2015_3D_Volumes_Histological_Space_full8_400um_optbal.nii.gz",
            "not_found": true
        },
        "maskfile": "/home/mandana/CONP/pipelines/oneVoxel/fslbet/masks/mask-5.nii.gz"
    },
    "public-output": {
        "stdout": null,
        "stderr": null,
        "exit-code": 1,
        "error-message": "",
        "shell-command": "bet /home/mandana/CONP/conp-dataset/projects/BigBrain/3D_Volumes/Histological_Space/bigbrain.loris.ca_BigBrainRelease.2015_3D_Volumes_Histological_Space_full8_400um_optbal.nii.gz /home/mandana/CONP/pipelines/oneVoxel/fslbet/masks/mask-5.nii.gz",
        "missing-files": {},
        "output-files": {}
    },
    "additional-information": null
}