{
    "summary": {
        "name": "FLIRT",
        "descriptor-doi": "10.5281/zenodo.2597643",
        "date-time": "2021-02-12_10h37m27s901932ms"
    },
    "public-invocation": {
        "in_file": {
            "file-name": "Isovolume.L_layering_depth.nii.gz",
            "md5sum": "446509fc0d9f78641b263cd023afada4"
        },
        "reference": {
            "file-name": "Isovolume.L_layering_depth.nii.gz",
            "md5sum": "446509fc0d9f78641b263cd023afada4"
        }
    },
    "public-output": {
        "stdout": null,
        "stderr": null,
        "exit-code": 0,
        "error-message": "",
        "shell-command": "flirt -in /home/mandana/CONP/conp-dataset/projects/Khanlab/BigBrainHippoUnfold/BIDSscripts/nighres/Isovolume.L_layering_depth.nii.gz -ref /home/mandana/CONP/conp-dataset/projects/Khanlab/BigBrainHippoUnfold/BIDSscripts/nighres/Isovolume.L_layering_depth.nii.gz -out /home/mandana/CONP/conp-dataset/projects/Khanlab/BigBrainHippoUnfold/BIDSscripts/nighres/Isovolume.L_layering_depth_flirt -omat /home/mandana/CONP/conp-dataset/projects/Khanlab/BigBrainHippoUnfold/BIDSscripts/nighres/Isovolume.L_layering_depth_flirt.mat",
        "missing-files": {},
        "output-files": {
            "out_matrix_file": {
                "file-name": "Isovolume.L_layering_depth_flirt.mat",
                "md5sum": "7208da65d6c37d30d5d7d0f4f0e58984"
            }
        }
    },
    "additional-information": null
}