{
    "summary": {
        "name": "BIDS App - ndmg",
        "descriptor-doi": "10.5281/zenodo.4457865",
        "date-time": "2021-04-07_16h48m37s750854ms"
    },
    "public-invocation": {
        "bids_dir": {
            "file-name": "data_BIDS",
            "files": [
                {
                    "file-name": "dataset_description.json",
                    "md5sum": "d0e86d0d911d9cae0c45c882bedc1229"
                },
                {
                    "file-name": "sub-032633",
                    "files": [
                        {
                            "file-name": "ses-010",
                            "files": [
                                {
                                    "file-name": "anat",
                                    "files": [
                                        {
                                            "file-name": "sub-032633_ses-010_run-1_PD.json",
                                            "md5sum": "7fe6a545abd12648e77139e956d6e6ff"
                                        },
                                        {
                                            "file-name": "sub-032633_ses-010_run-1_PD.nii.gz",
                                            "md5sum": "dd80f5b58615c4cfedf6c67f7a3ec397"
                                        },
                                        {
                                            "file-name": "sub-032633_ses-010_run-1_T1w.json",
                                            "md5sum": "5335ec3cd821b7bc77a5746e0048f800"
                                        },
                                        {
                                            "file-name": "sub-032633_ses-010_run-1_T1w.nii.gz",
                                            "md5sum": "477232e03babac76361b92e5fc760c7b"
                                        },
                                        {
                                            "file-name": "sub-032633_ses-010_run-1_T2w.json",
                                            "md5sum": "869e5924b0153b71c0c412ee9298c5b7"
                                        },
                                        {
                                            "file-name": "sub-032633_ses-010_run-1_T2w.nii.gz",
                                            "md5sum": "3f386608e2b1e18c65fe517372299652"
                                        }
                                    ]
                                }
                            ]
                        },
                        {
                            "file-name": "ses-020",
                            "files": [
                                {
                                    "file-name": "anat",
                                    "files": [
                                        {
                                            "file-name": "sub-032633_ses-020_run-1_FLAIR",
                                            "files": []
                                        }
                                    ]
                                }
                            ]
                        },
                        {
                            "file-name": "ses-005",
                            "files": [
                                {
                                    "file-name": "anat",
                                    "files": [
                                        {
                                            "file-name": "sub-032633_ses-005_run-1_T1w.json",
                                            "md5sum": "1b1376b0cc6765f02d12cdaa37213b4e"
                                        },
                                        {
                                            "file-name": "sub-032633_ses-005_run-1_T1w.nii.gz",
                                            "md5sum": "6c0088105c76936091fc57efc7ab05cc"
                                        },
                                        {
                                            "file-name": "sub-032633_ses-005_run-1_T2w.json",
                                            "md5sum": "0126ef3553ab298f0b3527228242e7be"
                                        },
                                        {
                                            "file-name": "sub-032633_ses-005_run-1_T2w.nii.gz",
                                            "md5sum": "5b7143fd8420a0a1b6617db155c1ed8b"
                                        },
                                        {
                                            "file-name": "sub-032633_ses-005_run-2_T1w.json",
                                            "md5sum": "8ef0b415c1abb3bf6af481908756e5a3"
                                        },
                                        {
                                            "file-name": "sub-032633_ses-005_run-2_T1w.nii.gz",
                                            "md5sum": "610e9790c73586a6fcf6f05cdc29d66c"
                                        },
                                        {
                                            "file-name": "sub-032633_ses-005_run-2_T2w.json",
                                            "md5sum": "9b431f92605a2d11e003f2d0487c9b96"
                                        },
                                        {
                                            "file-name": "sub-032633_ses-005_run-2_T2w.nii.gz",
                                            "md5sum": "926f29497855d8191658f22f5be8db36"
                                        },
                                        {
                                            "file-name": "sub-032633_ses-005_run-3_T1w.json",
                                            "md5sum": "579fb880d8a81f506fa2ca627ee81e67"
                                        },
                                        {
                                            "file-name": "sub-032633_ses-005_run-3_T1w.nii.gz",
                                            "md5sum": "8faec9172229392b04d225224f677dec"
                                        }
                                    ]
                                },
                                {
                                    "file-name": "dwi",
                                    "files": [
                                        {
                                            "file-name": "sub-032633_ses-005_run-1_dwi.bval",
                                            "md5sum": "2276896ed44ac74911f55fc9071f49d1"
                                        },
                                        {
                                            "file-name": "sub-032633_ses-005_run-1_dwi.bvec",
                                            "md5sum": "18d2d400cc9f176c1ee77ef926e70fec"
                                        },
                                        {
                                            "file-name": "sub-032633_ses-005_run-1_dwi.json",
                                            "md5sum": "4b9b41b867ffe36149b9a43043c9d571"
                                        },
                                        {
                                            "file-name": "sub-032633_ses-005_run-1_dwi.nii.gz",
                                            "md5sum": "6a2f0faf3d33cc9123ae8d2c64601ad0"
                                        }
                                    ]
                                },
                                {
                                    "file-name": "func",
                                    "files": [
                                        {
                                            "file-name": "sub-032633_ses-005_task-rest_run-1_bold.json",
                                            "md5sum": "80b0618fd181e9333b0f9dca260ccf22"
                                        },
                                        {
                                            "file-name": "sub-032633_ses-005_task-rest_run-1_bold.nii.gz",
                                            "md5sum": "22fa83f7c1aad9b0065d8e30818f24b1"
                                        }
                                    ]
                                }
                            ]
                        }
                    ]
                },
                {
                    "file-name": "derivatives",
                    "files": [
                        {
                            "file-name": "tmp",
                            "files": []
                        }
                    ]
                }
            ]
        },
        "output_dir": {
            "file-name": "derivatives",
            "files": [
                {
                    "file-name": "tmp",
                    "files": []
                }
            ]
        },
        "analysis_level": "participant",
        "session_label": [
            "005"
        ]
    },
    "public-output": {
        "stdout": null,
        "stderr": null,
        "exit-code": 1,
        "error-message": "",
        "shell-command": "ndmg_bids /home/mandana/CONP/conp-dataset/projects/SIMON-dataset/data_BIDS /home/mandana/CONP/conp-dataset/projects/SIMON-dataset/data_BIDS/derivatives participant --session_label 005",
        "missing-files": {},
        "output-files": {
            "output_directory": {
                "file-name": "derivatives",
                "files": [
                    {
                        "file-name": "tmp",
                        "files": []
                    }
                ]
            }
        }
    },
    "additional-information": null
}