{
    "summary": {
        "name": "BrainExtraction",
        "descriptor-doi": "10.5281/zenodo.2636973",
        "date-time": "2020-12-18_10h58m46s646417ms"
    },
    "public-invocation": {
        "anatomical_image": {
            "file-name": "sub-032633_ses-020_run-1_FLAIR.nii.gz",
            "md5sum": "89c3bdb78fa1505905b1e132b4fffbe7"
        },
        "brain_probability_mask": {
            "file-name": "sub-032633_ses-020_run-1_FLAIR.nii.gz",
            "md5sum": "89c3bdb78fa1505905b1e132b4fffbe7"
        },
        "brain_template": {
            "file-name": "sub-032633_ses-020_run-1_FLAIR.nii.gz",
            "md5sum": "89c3bdb78fa1505905b1e132b4fffbe7"
        }
    },
    "public-output": {
        "stdout": null,
        "stderr": null,
        "exit-code": 125,
        "error-message": "",
        "shell-command": "${ANTSPATH}/antsBrainExtraction.sh -a /home/mandana/CONP/conp-dataset/projects/SIMON-dataset/data_BIDS/sub-032633/ses-020/anat/sub-032633_ses-020_run-1_FLAIR.nii.gz -m /home/mandana/CONP/conp-dataset/projects/SIMON-dataset/data_BIDS/sub-032633/ses-020/anat/sub-032633_ses-020_run-1_FLAIR.nii.gz -e /home/mandana/CONP/conp-dataset/projects/SIMON-dataset/data_BIDS/sub-032633/ses-020/anat/sub-032633_ses-020_run-1_FLAIR.nii.gz -d 3 -s nii.gz -o highres001_",
        "missing-files": {},
        "output-files": {}
    },
    "additional-information": null
}