{
    "summary": {
        "name": "fsl_bet",
        "descriptor-doi": "10.5281/zenodo.1482743",
        "date-time": "2021-03-17_13h27m07s612070ms"
    },
    "public-invocation": {
        "infile": {
            "file-name": "sub-032633_ses-005_run-1_dwi.nii.gz",
            "not_found": true
        },
        "maskfile": "fsl-bet_mask_DTIFit"
    },
    "public-output": {
        "stdout": null,
        "stderr": null,
        "exit-code": 1,
        "error-message": "",
        "shell-command": "bet /mandana/CONP/conp-dataset/projects/SIMON-dataset/data_BIDS/sub-032633/ses-005/dwi/sub-032633_ses-005_run-1_dwi.nii.gz fsl-bet_mask_DTIFit",
        "missing-files": {},
        "output-files": {}
    },
    "additional-information": null
}