{
    "summary": {
        "name": "oneVoxel",
        "descriptor-doi": "10.5281/zenodo.3308620",
        "date-time": "2021-02-22_09h50m00s856000ms"
    },
    "public-invocation": {
        "image_file": {
            "file-name": "BigBrain-to-ICBM2009sym-nonlin-1mm.nii",
            "md5sum": "0a1a9afa61cb409690fbb56e4d5530b2"
        },
        "mask_file": {
            "file-name": "mask-1.nii.gz",
            "md5sum": "405b0db1eca270c122108abf9004aa52"
        },
        "output_directory": {
            "file-name": "",
            "files": [
                {
                    "file-name": "inner_binarymask_1vox-3d192916.json",
                    "md5sum": "7e4f4ecdbc23e022208ca70c828cb537"
                },
                {
                    "file-name": "inner_binarymask_1vox-3d192916.nii.gz",
                    "md5sum": "f0bcab9eaf9dbb33ea869d7d7e129a1f"
                },
                {
                    "file-name": "inner_binarymask_1vox-16b1826e.json",
                    "md5sum": "f5f2575ede7f30a2fcf259cd16e90090"
                },
                {
                    "file-name": "inner_binarymask_1vox-16b1826e.nii.gz",
                    "md5sum": "abf3de133cb0e5bb974b9540c7d0e7b3"
                },
                {
                    "file-name": "inner_binarymask_1vox-1750109a.json",
                    "md5sum": "861887ff2b91a8497f5d25772ed1946d"
                },
                {
                    "file-name": "inner_binarymask_1vox-1750109a.nii.gz",
                    "md5sum": "ee8649a3fdb55546cc9706916740f0d2"
                }
            ]
        }
    },
    "public-output": {
        "stdout": null,
        "stderr": null,
        "exit-code": 0,
        "error-message": "",
        "shell-command": "onevox /home/mandana/CONP/conp-dataset/projects/Khanlab/BigBrainMRICoreg/Atlases/NifTI/BigBrain-to-ICBM2009sym-nonlin-1mm.nii /home/mandana/CONP/pipelines/oneVoxel/output/ --mask_file /home/mandana/CONP/pipelines/oneVoxel/fslbet/masks/mask-1.nii.gz --intensity 0.01 --erode 3 --repeat 1 --mode single",
        "missing-files": {},
        "output-files": {
            "noisy_image": {
                "file-name": "inner_binarymask_1vox-3d192916.nii.gz",
                "md5sum": "f0bcab9eaf9dbb33ea869d7d7e129a1f"
            },
            "noise_summary": {
                "file-name": "inner_binarymask_1vox-3d192916.json",
                "md5sum": "7e4f4ecdbc23e022208ca70c828cb537"
            }
        }
    },
    "additional-information": null
}