{
    "summary": {
        "name": "oneVoxel",
        "descriptor-doi": "10.5281/zenodo.3308620",
        "date-time": "2021-02-13_17h32m43s336438ms"
    },
    "public-invocation": {
        "image_file": {
            "file-name": "inner_binarymask.L_levelset.nii.gz",
            "md5sum": "f9ca972d941348412932d60d71bdd69f"
        },
        "mask_file": {
            "file-name": "mask-0.nii.gz",
            "md5sum": "7210391e3689ab7f278b0d213f7b4720"
        },
        "output_directory": {
            "file-name": "",
            "not_found": true
        }
    },
    "public-output": {
        "stdout": null,
        "stderr": null,
        "exit-code": 1,
        "error-message": "",
        "shell-command": "onevox /home/mandana/CONP/conp-dataset/projects/Khanlab/BigBrainHippoUnfold/BIDSscripts/nighres/inner_binarymask.L_levelset.nii.gz /home/mandana/CONP/oneVoxel/output/ --mask_file /home/mandana/CONP/pipelines/oneVoxel/fslbet/masks/mask-0.nii.gz --intensity 0.01 --erode 3 --repeat 1 --mode single",
        "missing-files": {},
        "output-files": {}
    },
    "additional-information": null
}