{
    "summary": {
        "name": "BrainExtraction",
        "descriptor-doi": "10.5281/zenodo.2636973",
        "date-time": "2021-05-18_02h02m30s968308ms"
    },
    "public-invocation": {
        "anatomical_image": {
            "file-name": "sub-032633_ses-005_run-1_T1w.nii.gz",
            "md5sum": "6c0088105c76936091fc57efc7ab05cc"
        },
        "brain_probability_mask": {
            "file-name": "T_template0_BrainCerebellumProbabilityMask.nii.gz",
            "md5sum": "e1018562e3a5e31ab35f5c7b1bbe99de"
        },
        "brain_template": {
            "file-name": "T_template0.nii.gz",
            "md5sum": "f95dbe37ab40e8ad59c1b1eabc7f230c"
        }
    },
    "public-output": {
        "stdout": null,
        "stderr": null,
        "exit-code": 1,
        "error-message": "",
        "shell-command": "${ANTSPATH}/antsBrainExtraction.sh -a /home/mandana/CONP/conp-dataset/projects/SIMON-dataset/data_BIDS/sub-032633/ses-005/anat/sub-032633_ses-005_run-1_T1w.nii.gz -m /home/mandana/CONP/MICCAI2012-Multi-Atlas-Challenge-Data/T_template0_BrainCerebellumProbabilityMask.nii.gz -e /home/mandana/CONP/MICCAI2012-Multi-Atlas-Challenge-Data/T_template0.nii.gz -d 3 -s nii.gz -o highres001_",
        "missing-files": {},
        "output-files": {
            "BrainExtractionBrain": {
                "file-name": "highres001_BrainExtractionBrain.nii.gz",
                "md5sum": "8d12259d756c0667095e408c8bbe659c"
            },
            "BrainExtractionMask": {
                "file-name": "highres001_BrainExtractionMask.nii.gz",
                "md5sum": "8c449f4eb1d06c9c99ac702b96547bcf"
            },
            "BrainExtractionPrior0GenericAffine": {
                "file-name": "highres001_BrainExtractionPrior0GenericAffine.mat",
                "md5sum": "24da55a8b0404c9c50c9910bb117c5c5"
            },
            "N4Corrected0": {
                "file-name": "highres001_N4Corrected0.nii.gz",
                "md5sum": "06fb10c3905451f9fca2e828dbcac9e9"
            },
            "N4Truncated0": {
                "file-name": "highres001_N4Truncated0.nii.gz",
                "md5sum": "5e9259ddb034e4f4373a165838001402"
            }
        }
    },
    "additional-information": null
}