{
    "summary": {
        "name": "FNIRT",
        "descriptor-doi": "10.5281/zenodo.2639849",
        "date-time": "2021-02-16_22h58m43s492540ms"
    },
    "public-invocation": {
        "in_file": {
            "file-name": "highres001_full_normfilter.nii.gz",
            "md5sum": "b745b83518ad96db7109b63db57f5f30"
        },
        "ref_file": {
            "file-name": "highres001_full_normfilter.nii.gz",
            "md5sum": "b745b83518ad96db7109b63db57f5f30"
        }
    },
    "public-output": {
        "stdout": null,
        "stderr": null,
        "exit-code": 0,
        "error-message": "",
        "shell-command": "fnirt --in=/home/mandana/CONP/conp-dataset/projects/openpain/thermal/healthy010/t1/highres001_full_normfilter.nii.gz --ref=/home/mandana/CONP/conp-dataset/projects/openpain/thermal/healthy010/t1/highres001_full_normfilter.nii.gz",
        "missing-files": {},
        "output-files": {}
    },
    "additional-information": null
}