{
    "summary": {
        "name": "PreFreeSurferPipelineBatch",
        "descriptor-doi": "10.5281/zenodo.1450995",
        "date-time": "2021-03-08_12h01m46s014584ms"
    },
    "public-invocation": {
        "subject_folder": {
            "file-name": "highres001_full_normfilter.nii.gz",
            "md5sum": "b745b83518ad96db7109b63db57f5f30"
        },
        "execution_name": "execution"
    },
    "public-output": {
        "stdout": null,
        "stderr": null,
        "exit-code": 1,
        "error-message": "",
        "shell-command": "command-line-script.sh /home/mandana/CONP/pipelines/ali/openpain/thermal/healthy010/t1/highres001_full_normfilter.nii.gz execution",
        "missing-files": {
            "results": "/home/mandana/CONP/pipelines/ali/openpain/thermal/healthy010/t1/highres001_full_normfilter.nii.gz-execution"
        },
        "output-files": {}
    },
    "additional-information": null
}