{
    "summary": {
        "name": "fsl_first",
        "descriptor-doi": "10.5281/zenodo.1494312",
        "date-time": "2021-03-11_12h17m43s705547ms"
    },
    "public-invocation": {
        "input_file": {
            "file-name": "PL011_visit2_t1_defaced.nii.gz",
            "not_found": true
        },
        "prefix": "output"
    },
    "public-output": {
        "stdout": null,
        "stderr": null,
        "exit-code": 1,
        "error-message": "",
        "shell-command": "mkdir -p /home/mandana/CONP/conp-dataset/projects/openpain/placebo_1/PL011/visit2/anat/PL011_visit2_t1_defaced; run_first_all -i /home/mandana/CONP/conp-dataset/projects/openpain/placebo_1/PL011/visit2/anat/PL011_visit2_t1_defaced.nii.gz -o /home/mandana/CONP/conp-dataset/projects/openpain/placebo_1/PL011/visit2/anat/PL011_visit2_t1_defaced/output",
        "missing-files": {
            "std_sub_outputs": "/home/mandana/CONP/conp-dataset/projects/openpain/placebo_1/PL011/visit2/anat/PL011_visit2_t1_defaced_to_std_sub*"
        },
        "output-files": {
            "outputs": {
                "file-name": "PL011_visit2_t1_defaced",
                "files": []
            }
        }
    },
    "additional-information": null
}