{
    "summary": {
        "name": "ApplyWarp",
        "descriptor-doi": "10.5281/zenodo.2650440",
        "date-time": "2021-03-17_22h00m58s807327ms"
    },
    "public-invocation": {
        "in_file": {
            "file-name": "sub-01_task-movie_run-01_space-MNI152NLin2009cAsym_desc-postproc_bold.nii.gz",
            "not_found": true
        },
        "out_file": {
            "file-name": "applywrap-out.nii.gz",
            "md5sum": "3b64e58bd82586a348dfc252ac50feb0"
        },
        "ref_file": {
            "file-name": "sub-01_task-movie_run-02_space-MNI152NLin2009cAsym_desc-postproc_bold.nii.gz",
            "not_found": true
        }
    },
    "public-output": {
        "stdout": null,
        "stderr": null,
        "exit-code": 134,
        "error-message": "",
        "shell-command": "applywarp --in=/home/mandana/CONP/conp-dataset/projects/Learning_Naturalistic_Structure__Processed_fMRI_dataset/sub-01_task-movie_run-01_space-MNI152NLin2009cAsym_desc-postproc_bold.nii.gz --ref=/home/mandana/CONP/conp-dataset/projects/Learning_Naturalistic_Structure__Processed_fMRI_dataset/sub-01_task-movie_run-02_space-MNI152NLin2009cAsym_desc-postproc_bold.nii.gz --out=/home/mandana/CONP/conp-dataset/projects/Learning_Naturalistic_Structure__Processed_fMRI_dataset/applywrap-out.nii.gz",
        "missing-files": {},
        "output-files": {
            "out_file_outfile": {
                "file-name": "applywrap-out.nii.gz",
                "md5sum": "3b64e58bd82586a348dfc252ac50feb0"
            }
        }
    },
    "additional-information": null
}