{
    "summary": {
        "name": "fsl_bet",
        "descriptor-doi": "10.5281/zenodo.1482743",
        "date-time": "2021-02-13_12h34m37s633037ms"
    },
    "public-invocation": {
        "infile": {
            "file-name": "sub-032633_ses-020_run-1_FLAIR.nii.gz",
            "not_found": true
        },
        "maskfile": "/home/mandana/CONP/pipelines/oneVoxel/fslbet/masks/mask-12.nii.gz"
    },
    "public-output": {
        "stdout": null,
        "stderr": null,
        "exit-code": 1,
        "error-message": "",
        "shell-command": "bet /home/mandana/CONP/conp-dataset/projects/SIMON-dataset/data_BIDS/sub-032633/ses-020/anat/sub-032633_ses-020_run-1_FLAIR.nii.gz /home/mandana/CONP/pipelines/oneVoxel/fslbet/masks/mask-12.nii.gz",
        "missing-files": {},
        "output-files": {}
    },
    "additional-information": null
}