{
    "summary": {
        "name": "FLIRT",
        "descriptor-doi": "10.5281/zenodo.2597643",
        "date-time": "2021-02-16_21h07m23s446396ms"
    },
    "public-invocation": {
        "in_file": {
            "file-name": "PL011_visit2_t1_defaced.nii.gz",
            "not_found": true
        },
        "reference": {
            "file-name": "PL011_visit2_t1_defaced.nii.gz",
            "not_found": true
        }
    },
    "public-output": {
        "stdout": null,
        "stderr": null,
        "exit-code": 134,
        "error-message": "",
        "shell-command": "flirt -in /home/mandana/CONP/conp-dataset/projects/openpain/placebo_1/PL011/visit2/anat/PL011_visit2_t1_defaced.nii.gz -ref /home/mandana/CONP/conp-dataset/projects/openpain/placebo_1/PL011/visit2/anat/PL011_visit2_t1_defaced.nii.gz -out /home/mandana/CONP/conp-dataset/projects/openpain/placebo_1/PL011/visit2/anat/PL011_visit2_t1_defaced_flirt -omat /home/mandana/CONP/conp-dataset/projects/openpain/placebo_1/PL011/visit2/anat/PL011_visit2_t1_defaced_flirt.mat",
        "missing-files": {},
        "output-files": {}
    },
    "additional-information": null
}