{
    "summary": {
        "name": "BIDS App - ndmg",
        "descriptor-doi": "10.5281/zenodo.4457865",
        "date-time": "2021-02-04_21h41m28s490267ms"
    },
    "public-invocation": {
        "bids_dir": {
            "file-name": "",
            "files": [
                {
                    "file-name": "dataset_description.json",
                    "not_found": true
                },
                {
                    "file-name": "sub-032633",
                    "files": [
                        {
                            "file-name": "ses-010",
                            "files": [
                                {
                                    "file-name": "anat",
                                    "files": [
                                        {
                                            "file-name": "sub-032633_ses-010_run-1_PD.json",
                                            "not_found": true
                                        },
                                        {
                                            "file-name": "sub-032633_ses-010_run-1_PD.nii.gz",
                                            "not_found": true
                                        },
                                        {
                                            "file-name": "sub-032633_ses-010_run-1_T1w.json",
                                            "not_found": true
                                        },
                                        {
                                            "file-name": "sub-032633_ses-010_run-1_T1w.nii.gz",
                                            "not_found": true
                                        },
                                        {
                                            "file-name": "sub-032633_ses-010_run-1_T2w.json",
                                            "not_found": true
                                        },
                                        {
                                            "file-name": "sub-032633_ses-010_run-1_T2w.nii.gz",
                                            "not_found": true
                                        }
                                    ]
                                }
                            ]
                        }
                    ]
                }
            ]
        },
        "output_dir": {
            "file-name": "",
            "files": [
                {
                    "file-name": "invocation.json",
                    "md5sum": "e039c125554f1a22af4c47ae3384d380"
                }
            ]
        },
        "analysis_level": "participant"
    },
    "public-output": {
        "stdout": null,
        "stderr": null,
        "exit-code": 1,
        "error-message": "",
        "shell-command": "ndmg_bids /home/mandana/CONP/conp-dataset/projects/SIMON-dataset/data_BIDS/ /home/mandana/CONP/BIDS-APP-ndmg/ participant",
        "missing-files": {},
        "output-files": {
            "output_directory": {
                "file-name": "",
                "files": [
                    {
                        "file-name": "invocation.json",
                        "md5sum": "e039c125554f1a22af4c47ae3384d380"
                    },
                    {
                        "file-name": "tmp",
                        "files": []
                    }
                ]
            }
        }
    },
    "additional-information": null
}