{
    "summary": {
        "name": "FreeSurfer-Recon-all",
        "descriptor-doi": "10.5281/zenodo.4043546",
        "date-time": "2021-04-02_09h13m12s055529ms"
    },
    "public-invocation": {
        "license": {
            "file-name": "license.txt",
            "md5sum": "f606798c4c204e59ee84e220a6d26426"
        },
        "subjid": "01",
        "input": {
            "file-name": "sub-01_task-movie_run-01_space-MNI152NLin2009cAsym_desc-postproc_bold.nii.gz",
            "md5sum": "6bea645cb589b33c2b4f54bb5831aba1"
        },
        "directives": "-all"
    },
    "public-output": {
        "stdout": null,
        "stderr": null,
        "exit-code": 1,
        "error-message": "Crashed",
        "shell-command": "export SUBJECTS_DIR=`pwd`; export FS_LICENSE=`pwd`/license_FreeSurfer/license.txt; recon-all -subjid 01 -i conp-dataset/projects/Learning_Naturalistic_Structure__Processed_fMRI_dataset/sub-01_task-movie_run-01_space-MNI152NLin2009cAsym_desc-postproc_bold.nii.gz -all",
        "missing-files": {},
        "output-files": {
            "subjid_output": {
                "file-name": "01",
                "files": [
                    {
                        "file-name": "scripts",
                        "files": [
                            {
                                "file-name": "build-stamp.txt",
                                "md5sum": "507407bea2674bd0417252556017bace"
                            },
                            {
                                "file-name": "patchdir.txt",
                                "md5sum": "68b329da9893e34099c7d8ad5cb9c940"
                            },
                            {
                                "file-name": "lastcall.build-stamp.txt",
                                "md5sum": "507407bea2674bd0417252556017bace"
                            },
                            {
                                "file-name": "recon-config.yaml",
                                "md5sum": "1409d719f9e768aebd20106fd9942180"
                            },
                            {
                                "file-name": "unknown-args.txt",
                                "md5sum": "8381feb568727fb5fec6abcf039eb40d"
                            },
                            {
                                "file-name": "recon-all.cmd",
                                "md5sum": "2769b3a410b08d00392a281fbc3d1257"
                            },
                            {
                                "file-name": "recon-all.env",
                                "md5sum": "eb310e037761810240342942ce90c261"
                            },
                            {
                                "file-name": "recon-all.log",
                                "md5sum": "9b5ea190bb07a25ffdaee52b8f1083c0"
                            },
                            {
                                "file-name": "recon-all-status.log",
                                "md5sum": "0c6c01bd4eafb3b5c61b52a44dabdef6"
                            },
                            {
                                "file-name": "recon-all.local-copy",
                                "md5sum": "1ca3508b301f82ad7abf6c21726184b9"
                            },
                            {
                                "file-name": "recon-all.error",
                                "md5sum": "caf26fe57810e876c8a49fff3980cbf2"
                            },
                            {
                                "file-name": "recon-all.done",
                                "md5sum": "b026324c6904b2a9cb4b88d6d61c81d1"
                            }
                        ]
                    },
                    {
                        "file-name": "mri",
                        "files": [
                            {
                                "file-name": "transforms",
                                "files": [
                                    {
                                        "file-name": "bak",
                                        "files": []
                                    }
                                ]
                            },
                            {
                                "file-name": "orig",
                                "files": [
                                    {
                                        "file-name": "001.mgz",
                                        "md5sum": "be176b707ca7a247ad2089731239170a"
                                    }
                                ]
                            }
                        ]
                    },
                    {
                        "file-name": "surf",
                        "files": []
                    },
                    {
                        "file-name": "tmp",
                        "files": []
                    },
                    {
                        "file-name": "label",
                        "files": []
                    },
                    {
                        "file-name": "touch",
                        "files": []
                    },
                    {
                        "file-name": "stats",
                        "files": []
                    },
                    {
                        "file-name": "trash",
                        "files": []
                    }
                ]
            }
        }
    },
    "additional-information": null
}