{
    "summary": {
        "name": "fsl_bet",
        "descriptor-doi": "10.5281/zenodo.1482743",
        "date-time": "2021-02-13_13h40m56s153604ms"
    },
    "public-invocation": {
        "infile": {
            "file-name": "BigBrain-to-ICBM2009sym-nonlin-1mm.nii",
            "md5sum": "0a1a9afa61cb409690fbb56e4d5530b2"
        },
        "maskfile": "/home/mandana/CONP/pipelines/oneVoxel/fslbet/mask-1"
    },
    "public-output": {
        "stdout": null,
        "stderr": null,
        "exit-code": 0,
        "error-message": "",
        "shell-command": "bet /home/mandana/CONP/conp-dataset/projects/Khanlab/BigBrainMRICoreg/Atlases/NifTI/BigBrain-to-ICBM2009sym-nonlin-1mm.nii /home/mandana/CONP/pipelines/oneVoxel/fslbet/mask-1",
        "missing-files": {},
        "output-files": {}
    },
    "additional-information": null
}