{
    "summary": {
        "name": "PreFreeSurferPipelineBatch",
        "descriptor-doi": "10.5281/zenodo.1450995",
        "date-time": "2021-03-08_12h11m49s764698ms"
    },
    "public-invocation": {
        "subject_folder": {
            "file-name": "101309",
            "not_found": true
        },
        "execution_name": "execution"
    },
    "public-output": {
        "stdout": null,
        "stderr": null,
        "exit-code": 1,
        "error-message": "",
        "shell-command": "command-line-script.sh /haome/mandana/CONP/pipelines/ali/101309 execution",
        "missing-files": {
            "results": "/haome/mandana/CONP/pipelines/ali/101309-execution"
        },
        "output-files": {}
    },
    "additional-information": null
}