{
    "summary": {
        "name": "fsl_bet",
        "descriptor-doi": "10.5281/zenodo.1482743",
        "date-time": "2021-02-13_14h11m02s994065ms"
    },
    "public-invocation": {
        "infile": {
            "file-name": "sub-HCPUR100_t1w.nii.gz",
            "md5sum": "6248ded9a528636072aba8b4ec857dfb"
        },
        "maskfile": "mask-2"
    },
    "public-output": {
        "stdout": null,
        "stderr": null,
        "exit-code": 0,
        "error-message": "",
        "shell-command": "bet /home/mandana/CONP/conp-dataset/projects/Khanlab/HCPUR100-Template/sub-HCPUR100/anat/sub-HCPUR100_t1w.nii.gz mask-2",
        "missing-files": {},
        "output-files": {
            "outfile": {
                "file-name": "mask-2.nii.gz",
                "md5sum": "33cdcaf6e76a08cf922c0e0d999eee83"
            }
        }
    },
    "additional-information": null
}