{
    "summary": {
        "name": "BIDS App - FSL Diffusion Preprocessing",
        "descriptor-doi": "10.5281/zenodo.2566455",
        "date-time": "2021-01-22_11h37m43s919662ms"
    },
    "public-invocation": {
        "bids_dir": "/home/mandana/CONP/conp-dataset/projects/SIMON-dataset/data_BIDS/",
        "output_dir": "/home/mandana/CONP/BIDS-App-FSL-DiffusionPreprocessing/",
        "analysis_level": "session"
    },
    "public-output": {
        "stdout": null,
        "stderr": null,
        "exit-code": 1,
        "error-message": "",
        "shell-command": "python3 /opt/preprocessing_pipeline.py /home/mandana/CONP/conp-dataset/projects/SIMON-dataset/data_BIDS/ /home/mandana/CONP/BIDS-App-FSL-DiffusionPreprocessing/ session --fsldir /usr/share/fsl/",
        "missing-files": {},
        "output-files": {
            "output_dir_path": {
                "file-name": "",
                "files": [
                    {
                        "file-name": "sub-032633",
                        "files": [
                            {
                                "file-name": "ses-020",
                                "files": [
                                    {
                                        "file-name": "dwi",
                                        "files": [
                                            {
                                                "file-name": "sub-032633_ses-020_run-1_dwi_b0_0.nii.gz",
                                                "md5sum": "9e17afcc2d58e6d548a50c173b3117cf"
                                            }
                                        ]
                                    },
                                    {
                                        "file-name": "anat",
                                        "files": []
                                    }
                                ]
                            }
                        ]
                    },
                    {
                        "file-name": "invocation.json",
                        "md5sum": "e315daa4cf5eb5e6c499312f092aa910"
                    },
                    {
                        "file-name": "invocation.new.json",
                        "md5sum": "6a1043ccddaff5523ff4e8a59c391783"
                    }
                ]
            }
        }
    },
    "additional-information": null
}