{
    "summary": {
        "name": "fsl_bet",
        "descriptor-doi": "10.5281/zenodo.1482743",
        "date-time": "2021-02-11_10h41m58s171327ms"
    },
    "public-invocation": {
        "infile": {
            "file-name": "preventad_1000173_NAPBL00_asl_001.mnc",
            "md5sum": "d15646c2bd449644fc134f6ec71403d8"
        },
        "maskfile": "mask.nii.gz"
    },
    "public-output": {
        "stdout": null,
        "stderr": null,
        "exit-code": 1,
        "error-message": "",
        "shell-command": "bet /home/mandana/CONP/conp-dataset/projects/preventad-open/1000173/NAPBL00/images/preventad_1000173_NAPBL00_asl_001.mnc mask.nii.gz",
        "missing-files": {},
        "output-files": {}
    },
    "additional-information": null
}