{
    "summary": {
        "name": "fsl_bet",
        "descriptor-doi": "10.5281/zenodo.1482743",
        "date-time": "2021-02-13_12h34m39s787592ms"
    },
    "public-invocation": {
        "infile": {
            "file-name": "sub-06_space-MNI152NLin2009cAsym_desc-grey_mask.nii.gz",
            "md5sum": "ff4867c067b8151e2d651ee08eccba91"
        },
        "maskfile": "/home/mandana/CONP/pipelines/oneVoxel/fslbet/masks/mask-13.nii.gz"
    },
    "public-output": {
        "stdout": null,
        "stderr": null,
        "exit-code": 0,
        "error-message": "",
        "shell-command": "bet /home/mandana/CONP/conp-dataset/projects/Learning_Naturalistic_Structure__Processed_fMRI_dataset/sub-06_space-MNI152NLin2009cAsym_desc-grey_mask.nii.gz /home/mandana/CONP/pipelines/oneVoxel/fslbet/masks/mask-13.nii.gz",
        "missing-files": {},
        "output-files": {}
    },
    "additional-information": null
}