{
    "summary": {
        "name": "PreFreeSurferPipelineBatch",
        "descriptor-doi": "10.5281/zenodo.1450995",
        "date-time": "2021-03-08_11h36m56s292580ms"
    },
    "public-invocation": {
        "subject_folder": {
            "file-name": "healthy010",
            "files": [
                {
                    "file-name": "bold",
                    "files": [
                        {
                            "file-name": "task001_run001",
                            "files": [
                                {
                                    "file-name": "behavior.txt",
                                    "md5sum": "d6530b05e44b312297ce35029d33e283"
                                },
                                {
                                    "file-name": "bold.nii.gz",
                                    "md5sum": "9eb8f1b342e46e1bf698bd3532f7993c"
                                },
                                {
                                    "file-name": "stimulus.txt",
                                    "md5sum": "422ada5f6b6f7fa9aa0ccad11cb47f1f"
                                }
                            ]
                        },
                        {
                            "file-name": "task001_run002",
                            "files": [
                                {
                                    "file-name": "behavior.txt",
                                    "md5sum": "9adae6cab6a7e53d9ea582a807bd6f2f"
                                },
                                {
                                    "file-name": "bold.nii.gz",
                                    "md5sum": "6a0f6dc1503c0fb144199d384f0646d6"
                                },
                                {
                                    "file-name": "stimulus.txt",
                                    "md5sum": "36be0f143fe2a1548c8d713c4cbc1d43"
                                }
                            ]
                        }
                    ]
                },
                {
                    "file-name": "t1",
                    "files": [
                        {
                            "file-name": "highres001_full_normfilter.nii.gz",
                            "md5sum": "b745b83518ad96db7109b63db57f5f30"
                        },
                        {
                            "file-name": "highres001_full_normfilter_flirt.mat",
                            "md5sum": "a55009636b33f78cacda36d6e0e82913"
                        },
                        {
                            "file-name": "highres001_full_normfilter_flirt.nii.gz",
                            "md5sum": "6cbff1a95ba166e161235220560a8f1c"
                        },
                        {
                            "file-name": "highres001_full_normfilter_to_highres001_full_normfilter.log",
                            "md5sum": "de593e3ca364be2065aa96a965f1f934"
                        },
                        {
                            "file-name": "highres001_full_normfilter_warpcoef.nii.gz",
                            "md5sum": "e8c5dc2ead033eb995137d26dc918edf"
                        }
                    ]
                }
            ]
        },
        "execution_name": "execution"
    },
    "public-output": {
        "stdout": null,
        "stderr": null,
        "exit-code": 1,
        "error-message": "",
        "shell-command": "command-line-script.sh /home/mandana/CONP/pipelines/ali/openpain/thermal/healthy010 execution",
        "missing-files": {
            "results": "/home/mandana/CONP/pipelines/ali/openpain/thermal/healthy010-execution"
        },
        "output-files": {}
    },
    "additional-information": null
}