{
    "summary": {
        "name": "oneVoxel",
        "descriptor-doi": "10.5281/zenodo.3308620",
        "date-time": "2021-02-13_17h29m37s168636ms"
    },
    "public-invocation": {
        "image_file": {
            "file-name": "sub-01_task-rest_bold.nii.gz",
            "md5sum": "1f1822c8131f5af21f5f9ef797165ce9"
        },
        "mask_file": {
            "file-name": "mask-9.nii.gz",
            "md5sum": "4c73671ec2fa36280f17eaf118757826"
        },
        "output_directory": {
            "file-name": "",
            "not_found": true
        }
    },
    "public-output": {
        "stdout": null,
        "stderr": null,
        "exit-code": 1,
        "error-message": "",
        "shell-command": "onevox /home/mandana/CONP/conp-dataset/projects/openpain/placebo_predict_tetreault/sub-01/func/sub-01_task-rest_bold.nii.gz /home/mandana/CONP/oneVoxel/output/ --mask_file /home/mandana/CONP/pipelines/oneVoxel/fslbet/masks/mask-9.nii.gz --intensity 0.01 --erode 3 --repeat 1 --mode single",
        "missing-files": {},
        "output-files": {}
    },
    "additional-information": null
}