{
    "summary": {
        "name": "oneVoxel",
        "descriptor-doi": "10.5281/zenodo.3308620",
        "date-time": "2021-01-30_20h26m26s086848ms"
    },
    "public-invocation": {
        "image_file": {
            "file-name": "bigbrain.loris.ca_BigBrainRelease.2015_3D_Volumes_Histological_Space_full8_400um_optbal.nii.gz",
            "md5sum": "44a2aead3f1710e6f28cb52d4c648bb9"
        },
        "mask_file": {
            "file-name": "mask_bigbrain.loris.ca_BigBrainRelease.2015_3D_Volumes_Histological_Space_full8_400um_optbal.nii.gz",
            "md5sum": "070a0540ea9a5566c1e69650590be707"
        },
        "output_directory": {
            "file-name": "BigBrain",
            "files": [
                {
                    "file-name": "invocation_fsl_forMask.json",
                    "md5sum": "a9ced9da3384f365591820795eff30a3"
                },
                {
                    "file-name": "mask_bigbrain.loris.ca_BigBrainRelease.2015_3D_Volumes_Histological_Space_full8_400um_optbal.nii.gz",
                    "md5sum": "070a0540ea9a5566c1e69650590be707"
                }
            ]
        }
    },
    "public-output": {
        "stdout": null,
        "stderr": null,
        "exit-code": 0,
        "error-message": "",
        "shell-command": "onevox /home/mandana/CONP/conp-dataset/projects/BigBrain/3D_Volumes/Histological_Space/bigbrain.loris.ca_BigBrainRelease.2015_3D_Volumes_Histological_Space_full8_400um_optbal.nii.gz /home/mandana/CONP/oneVoxel/BigBrain --mask_file /home/mandana/CONP/oneVoxel/BigBrain/mask_bigbrain.loris.ca_BigBrainRelease.2015_3D_Volumes_Histological_Space_full8_400um_optbal.nii.gz --intensity 0.01 --erode 3 --repeat 1 --mode single",
        "missing-files": {},
        "output-files": {}
    },
    "additional-information": null
}