{
    "summary": {
        "name": "fsl_bet",
        "descriptor-doi": "10.5281/zenodo.1482743",
        "date-time": "2021-02-13_12h34m00s814220ms"
    },
    "public-invocation": {
        "infile": {
            "file-name": "bigbrain.loris.ca_BigBrainRelease.2015_3D_Classified_Volumes_Histological_Space_full_cls_1000um.nii.gz",
            "not_found": true
        },
        "maskfile": "/home/mandana/CONP/pipelines/oneVoxel/fslbet/masks/mask-3.nii.gz"
    },
    "public-output": {
        "stdout": null,
        "stderr": null,
        "exit-code": 1,
        "error-message": "",
        "shell-command": "bet /home/mandana/CONP/conp-dataset/projects/BigBrain_3DClassifiedVolumes/bigbrain.loris.ca_BigBrainRelease.2015_3D_Classified_Volumes_Histological_Space_full_cls_1000um.nii.gz /home/mandana/CONP/pipelines/oneVoxel/fslbet/masks/mask-3.nii.gz",
        "missing-files": {},
        "output-files": {}
    },
    "additional-information": null
}