{
    "summary": {
        "name": "BrainExtraction",
        "descriptor-doi": "10.5281/zenodo.2636973",
        "date-time": "2021-04-20_19h12m02s306042ms"
    },
    "public-invocation": {
        "anatomical_image": {
            "file-name": "sub-01_task-movie_run-01_space-MNI152NLin2009cAsym_desc-postproc_bold.nii.gz",
            "md5sum": "6bea645cb589b33c2b4f54bb5831aba1"
        },
        "brain_probability_mask": {
            "file-name": "T_template0_BrainCerebellumProbabilityMask.nii.gz",
            "md5sum": "e1018562e3a5e31ab35f5c7b1bbe99de"
        },
        "brain_template": {
            "file-name": "T_template0.nii.gz",
            "md5sum": "f95dbe37ab40e8ad59c1b1eabc7f230c"
        }
    },
    "public-output": {
        "stdout": null,
        "stderr": null,
        "exit-code": 1,
        "error-message": "",
        "shell-command": "${ANTSPATH}/antsBrainExtraction.sh -a /home/mandana/CONP/conp-dataset/projects/Learning_Naturalistic_Structure__Processed_fMRI_dataset/sub-01_task-movie_run-01_space-MNI152NLin2009cAsym_desc-postproc_bold.nii.gz -m /home/mandana/CONP/MICCAI2012-Multi-Atlas-Challenge-Data/T_template0_BrainCerebellumProbabilityMask.nii.gz -e /home/mandana/CONP/MICCAI2012-Multi-Atlas-Challenge-Data/T_template0.nii.gz -d 3 -s nii.gz -o highres001_",
        "missing-files": {},
        "output-files": {
            "BrainExtractionBrain": {
                "file-name": "highres001_BrainExtractionBrain.nii.gz",
                "md5sum": "cbffcfefa8cc17459cd2d2e2cc648b99"
            },
            "BrainExtractionMask": {
                "file-name": "highres001_BrainExtractionMask.nii.gz",
                "md5sum": "4ab2d55877fbed30b2478ae3fe54d453"
            },
            "BrainExtractionPrior0GenericAffine": {
                "file-name": "highres001_BrainExtractionPrior0GenericAffine.mat",
                "md5sum": "84ad77ca62ee4c4a74c48fcd7549eb22"
            },
            "N4Corrected0": {
                "file-name": "highres001_N4Corrected0.nii.gz",
                "md5sum": "ec837b91191fb5535c6742742b3a052b"
            },
            "N4Truncated0": {
                "file-name": "highres001_N4Truncated0.nii.gz",
                "md5sum": "39b62ddefd0d48fac9602c30fc7516db"
            }
        }
    },
    "additional-information": null
}