{
    "summary": {
        "name": "FslBet601",
        "descriptor-doi": "10.5281/zenodo.3267250",
        "date-time": "2021-04-13_15h29m33s665451ms"
    },
    "public-invocation": {
        "infile": {
            "file-name": "PL011_visit4_t1_defaced.nii.gz",
            "md5sum": "5eaac6f1e0ac4a3859de1b61c870dad2"
        },
        "maskfile": "INDEX_mask"
    },
    "public-output": {
        "stdout": null,
        "stderr": null,
        "exit-code": 0,
        "error-message": "",
        "shell-command": "bet /home/mandana/CONP/conp-dataset/projects/openpain/placebo_1/PL011/visit4/anat/PL011_visit4_t1_defaced.nii.gz INDEX_mask",
        "missing-files": {},
        "output-files": {
            "outfile": {
                "file-name": "INDEX_mask.nii.gz",
                "md5sum": "cc962e2fd18e812df3e90802fa630bb3"
            }
        }
    },
    "additional-information": null
}