{
    "summary": {
        "name": "mask2boundary",
        "descriptor-doi": "10.5281/zenodo.2566443",
        "date-time": "2021-04-07_20h34m48s561931ms"
    },
    "public-invocation": {
        "mask": "/home/mandana/CONP/output_fsl_fast_SIMON_dwi/output_fsl_fast_SIMON_dwi_pve_2.nii.gz",
        "output": "/home/mandana/CONP/output_mask2boundary/mask2boundary.nii.gz"
    },
    "public-output": {
        "stdout": null,
        "stderr": null,
        "exit-code": 0,
        "error-message": "",
        "shell-command": "python3 /opt/mask2boundary.py /home/mandana/CONP/output_fsl_fast_SIMON_dwi/output_fsl_fast_SIMON_dwi_pve_2.nii.gz /home/mandana/CONP/output_mask2boundary/mask2boundary.nii.gz --width 3",
        "missing-files": {},
        "output-files": {
            "mask_boundary": {
                "file-name": "mask2boundary.nii.gz",
                "md5sum": "63e816dc1d4e90aa9a0fc08030aecacc"
            }
        }
    },
    "additional-information": null
}