{
    "summary": {
        "name": "fsl_fast",
        "descriptor-doi": "10.5281/zenodo.1494308",
        "date-time": "2021-02-17_09h25m15s133288ms"
    },
    "public-invocation": {
        "output_basename": "fast",
        "in_files": {
            "file-name": "sub_10_control_site_2_T1w.nii.gz",
            "md5sum": "c3f1f1e07de28fc1d22bcdd1f69190fe"
        }
    },
    "public-output": {
        "stdout": null,
        "stderr": null,
        "exit-code": 0,
        "error-message": "",
        "shell-command": "fast -o fast /home/mandana/CONP/conp-dataset/projects/openpain/BrainNetworkChange_Mano/sub_10_control_site_2/anat/sub_10_control_site_2_T1w.nii.gz; mkdir fast; mv fast_* fast",
        "missing-files": {},
        "output-files": {
            "output_dir": {
                "file-name": "fast",
                "files": [
                    {
                        "file-name": "fast_mixeltype.nii.gz",
                        "md5sum": "d95cfdc282c854508d9bd92121242170"
                    },
                    {
                        "file-name": "fast_pve_0.nii.gz",
                        "md5sum": "584205e03ae4554fbd3271cdbcdae06d"
                    },
                    {
                        "file-name": "fast_pve_1.nii.gz",
                        "md5sum": "a9b94613275d0b1c1c6037e15084f4e9"
                    },
                    {
                        "file-name": "fast_pve_2.nii.gz",
                        "md5sum": "7160f274e9c2be1716eb583b71545aa6"
                    },
                    {
                        "file-name": "fast_pveseg.nii.gz",
                        "md5sum": "4fe1576f1bd73c189fa14ad40838cdeb"
                    },
                    {
                        "file-name": "fast_seg.nii.gz",
                        "md5sum": "5d134206cca761247fadf2cb1b6364eb"
                    }
                ]
            }
        }
    },
    "additional-information": null
}