{
    "summary": {
        "name": "BIDS app example",
        "descriptor-doi": "10.5281/zenodo.1451001",
        "date-time": "2021-02-13_18h35m11s742234ms"
    },
    "public-invocation": {
        "bids_dir": {
            "file-name": "",
            "files": [
                {
                    "file-name": ".git",
                    "files": [
                        {
                            "file-name": "branches",
                            "files": []
                        },
                        {
                            "file-name": "description",
                            "md5sum": "a0a7c3fff21f2aea3cfa1d0316dd816c"
                        },
                        {
                            "file-name": "hooks",
                            "files": [
                                {
                                    "file-name": "applypatch-msg.sample",
                                    "md5sum": "ce562e08d8098926a3862fc6e7905199"
                                },
                                {
                                    "file-name": "commit-msg.sample",
                                    "md5sum": "579a3c1e12a1e74a98169175fb913012"
                                },
                                {
                                    "file-name": "fsmonitor-watchman.sample",
                                    "md5sum": "ecbb0cb5ffb7d773cd5b2407b210cc3b"
                                },
                                {
                                    "file-name": "post-update.sample",
                                    "md5sum": "2b7ea5cee3c49ff53d41e00785eb974c"
                                },
                                {
                                    "file-name": "pre-applypatch.sample",
                                    "md5sum": "054f9ffb8bfe04a599751cc757226dda"
                                },
                                {
                                    "file-name": "pre-commit.sample",
                                    "md5sum": "e4db8c12ee125a8a085907b757359ef0"
                                },
                                {
                                    "file-name": "pre-push.sample",
                                    "md5sum": "3c5989301dd4b949dfa1f43738a22819"
                                },
                                {
                                    "file-name": "pre-rebase.sample",
                                    "md5sum": "56e45f2bcbc8226d2b4200f7c46371bf"
                                },
                                {
                                    "file-name": "pre-receive.sample",
                                    "md5sum": "2ad18ec82c20af7b5926ed9cea6aeedd"
                                },
                                {
                                    "file-name": "prepare-commit-msg.sample",
                                    "md5sum": "2b5c047bdb474555e1787db32b2d2fc5"
                                },
                                {
                                    "file-name": "update.sample",
                                    "md5sum": "517f14b9239689dff8bda3022ebd9004"
                                },
                                {
                                    "file-name": "pre-commit",
                                    "md5sum": "937d5eb6dc491af149be06e62bf88ee1"
                                },
                                {
                                    "file-name": "post-receive",
                                    "md5sum": "0b11786ce3c75aa6193fe020b43b1e40"
                                },
                                {
                                    "file-name": "post-checkout",
                                    "md5sum": "15117886209495e9612a7efbc4d425f3"
                                },
                                {
                                    "file-name": "post-merge",
                                    "md5sum": "15117886209495e9612a7efbc4d425f3"
                                }
                            ]
                        },
                        {
                            "file-name": "info",
                            "files": [
                                {
                                    "file-name": "exclude",
                                    "md5sum": "036208b4a1ab4a235d75c181e685e5a3"
                                },
                                {
                                    "file-name": "attributes",
                                    "md5sum": "66ef2376f9c0d65430c42dfb000d7d8d"
                                }
                            ]
                        },
                        {
                            "file-name": "refs",
                            "files": [
                                {
                                    "file-name": "heads",
                                    "files": [
                                        {
                                            "file-name": "master",
                                            "md5sum": "fc65e544627c622035529e901737df0e"
                                        },
                                        {
                                            "file-name": "git-annex",
                                            "md5sum": "b33e874ea29a16321b7a5cc3c922def6"
                                        }
                                    ]
                                },
                                {
                                    "file-name": "tags",
                                    "files": []
                                },
                                {
                                    "file-name": "remotes",
                                    "files": [
                                        {
                                            "file-name": "origin",
                                            "files": [
                                                {
                                                    "file-name": "HEAD",
                                                    "md5sum": "73a00957034783b7b5c8294c54cd3e12"
                                                }
                                            ]
                                        }
                                    ]
                                }
                            ]
                        },
                        {
                            "file-name": "HEAD",
                            "md5sum": "4cf2d64e44205fe628ddd534e1151b58"
                        },
                        {
                            "file-name": "config",
                            "md5sum": "9e683f27615959801a9a14a567cb4642"
                        },
                        {
                            "file-name": "objects",
                            "files": [
                                {
                                    "file-name": "pack",
                                    "files": [
                                        {
                                            "file-name": "pack-3193f78c32a4fb218012e8abe076652619b40b3c.pack",
                                            "md5sum": "99458cd611df8e01e4fffdc95c0769ae"
                                        },
                                        {
                                            "file-name": "pack-3193f78c32a4fb218012e8abe076652619b40b3c.idx",
                                            "md5sum": "3f3c0a5c28e2f21d4db2d3c577bfc1f9"
                                        }
                                    ]
                                },
                                {
                                    "file-name": "info",
                                    "files": []
                                },
                                {
                                    "file-name": "35",
                                    "files": [
                                        {
                                            "file-name": "aab341dbb0b46c19d1f36ce3ec0e388b3a1022",
                                            "md5sum": "502373b6cb4f2680a65b5273f1f79cf9"
                                        }
                                    ]
                                },
                                {
                                    "file-name": "41",
                                    "files": [
                                        {
                                            "file-name": "51de8cf0517f15e354c58c04b897173892824f",
                                            "md5sum": "b24ba635da403dec01750cfffe47c3d9"
                                        }
                                    ]
                                },
                                {
                                    "file-name": "4d",
                                    "files": [
                                        {
                                            "file-name": "20dd7a638e35cf663774dda05793e6990afe53",
                                            "md5sum": "360f7fa5f7a4cb5185c86a22a9317936"
                                        }
                                    ]
                                },
                                {
                                    "file-name": "69",
                                    "files": [
                                        {
                                            "file-name": "db5007a96a7c91451bd2da0f758d16634d5ddc",
                                            "md5sum": "c233102d943aae5a98279167fe1bde10"
                                        }
                                    ]
                                },
                                {
                                    "file-name": "fc",
                                    "files": [
                                        {
                                            "file-name": "9b99499d1e6eaf3a22e02a19f61882a22bc586",
                                            "md5sum": "175df2627a10e3bcf2bb4b8802d186c0"
                                        }
                                    ]
                                },
                                {
                                    "file-name": "0a",
                                    "files": [
                                        {
                                            "file-name": "55fb2460fdb139a0a29b7adbd49aa93b07f7d2",
                                            "md5sum": "a33c2205efe14dbe2f2dabe78ad4ace5"
                                        }
                                    ]
                                },
                                {
                                    "file-name": "c6",
                                    "files": [
                                        {
                                            "file-name": "19377eadb3dcaea2558b9007404431a09667a1",
                                            "md5sum": "0ac5a8dc9c33c09da9c9321cb0e17c0a"
                                        }
                                    ]
                                },
                                {
                                    "file-name": "d8",
                                    "files": [
                                        {
                                            "file-name": "e256693a576eb754a42ac6d1e1b845fb118f20",
                                            "md5sum": "a6bc19322f639b6244a40b7fac7de55b"
                                        }
                                    ]
                                },
                                {
                                    "file-name": "e8",
                                    "files": [
                                        {
                                            "file-name": "9b379dffd81a91b0d049e10e7960ea9be19fca",
                                            "md5sum": "4688170d3d28667decc60f2e7d6eed67"
                                        }
                                    ]
                                },
                                {
                                    "file-name": "0c",
                                    "files": [
                                        {
                                            "file-name": "87680aa05be707920da55d8a41c91a11202d4a",
                                            "md5sum": "e1d2103bad7575e53923254833b18481"
                                        }
                                    ]
                                },
                                {
                                    "file-name": "2f",
                                    "files": [
                                        {
                                            "file-name": "9c503752edd988099d6671755cee00adf69ef6",
                                            "md5sum": "14939ff7140a8c90ef1155a7454d3112"
                                        }
                                    ]
                                },
                                {
                                    "file-name": "21",
                                    "files": [
                                        {
                                            "file-name": "b0138c8aadf6afeb32d73f8014f9d144a794bb",
                                            "md5sum": "3e380f3dd34b9cbe6401c4294e48d18c"
                                        }
                                    ]
                                },
                                {
                                    "file-name": "2e",
                                    "files": [
                                        {
                                            "file-name": "746aad6356cbaeb151355598e724efb13717f0",
                                            "md5sum": "486cce54b18c92c2c77c4a6095fc718d"
                                        }
                                    ]
                                },
                                {
                                    "file-name": "b1",
                                    "files": [
                                        {
                                            "file-name": "bbfe83813257de2470feea6b6c55aba3e10191",
                                            "md5sum": "fecb3e5a0b7670866753d419496ac87d"
                                        }
                                    ]
                                },
                                {
                                    "file-name": "5e",
                                    "files": [
                                        {
                                            "file-name": "1b2ea3426f98981b93de6b252d876ff00ef3b2",
                                            "md5sum": "62d3526bc4c03e4f6b7b6822f72453c8"
                                        }
                                    ]
                                }
                            ]
                        },
                        {
                            "file-name": "packed-refs",
                            "md5sum": "df40103c036c6de3dcdacea02c60418c"
                        },
                        {
                            "file-name": "logs",
                            "files": [
                                {
                                    "file-name": "refs",
                                    "files": [
                                        {
                                            "file-name": "remotes",
                                            "files": [
                                                {
                                                    "file-name": "origin",
                                                    "files": [
                                                        {
                                                            "file-name": "HEAD",
                                                            "md5sum": "dde727a91ab5dd3d1291220daf882e84"
                                                        }
                                                    ]
                                                }
                                            ]
                                        },
                                        {
                                            "file-name": "heads",
                                            "files": [
                                                {
                                                    "file-name": "master",
                                                    "md5sum": "dde727a91ab5dd3d1291220daf882e84"
                                                },
                                                {
                                                    "file-name": "git-annex",
                                                    "md5sum": "47dc3180af8d13741dd08770abad7c9e"
                                                }
                                            ]
                                        }
                                    ]
                                },
                                {
                                    "file-name": "HEAD",
                                    "md5sum": "44adeb50b196c687a8bf65de5164c1f6"
                                }
                            ]
                        },
                        {
                            "file-name": "index",
                            "md5sum": "c5a8846b8e80e94e5fcbe6add36f959b"
                        },
                        {
                            "file-name": "annex",
                            "files": [
                                {
                                    "file-name": "index",
                                    "md5sum": "21d879486f0a7e7f2697d2a7fce5c126"
                                },
                                {
                                    "file-name": "index.lck",
                                    "md5sum": "b33e874ea29a16321b7a5cc3c922def6"
                                },
                                {
                                    "file-name": "journal.lck",
                                    "md5sum": "d41d8cd98f00b204e9800998ecf8427e"
                                },
                                {
                                    "file-name": "mergedrefs",
                                    "md5sum": "934c18464295d4e3f9c1d1ce36c9d4c4"
                                },
                                {
                                    "file-name": "keys.lck",
                                    "md5sum": "d41d8cd98f00b204e9800998ecf8427e"
                                },
                                {
                                    "file-name": "keys",
                                    "files": [
                                        {
                                            "file-name": "db",
                                            "md5sum": "3304dbe9f9d45a5af7a3f4adc3895f51"
                                        }
                                    ]
                                },
                                {
                                    "file-name": "keys.cache",
                                    "md5sum": "e90ba1fee346b3eb5d5efacbd0237e6a"
                                },
                                {
                                    "file-name": "smudge.lck",
                                    "md5sum": "d41d8cd98f00b204e9800998ecf8427e"
                                },
                                {
                                    "file-name": "sentinal",
                                    "md5sum": "d41d8cd98f00b204e9800998ecf8427e"
                                },
                                {
                                    "file-name": "sentinal.cache",
                                    "md5sum": "fe2a33b48d194639c3e7c5b33085739c"
                                },
                                {
                                    "file-name": "othertmp.lck",
                                    "md5sum": "d41d8cd98f00b204e9800998ecf8427e"
                                },
                                {
                                    "file-name": "journal",
                                    "files": []
                                },
                                {
                                    "file-name": "tmp",
                                    "files": [
                                        {
                                            "file-name": "URL-s10359052--ftp&c%%openpain.org%placebo_1%PL-1201fe59059f7114c97155aba1b9932b",
                                            "md5sum": "afce4b58a85e4c4c070b72f563dbe20a"
                                        }
                                    ]
                                },
                                {
                                    "file-name": "transfer",
                                    "files": [
                                        {
                                            "file-name": "download",
                                            "files": [
                                                {
                                                    "file-name": "00000000-0000-0000-0000-000000000001",
                                                    "files": []
                                                }
                                            ]
                                        },
                                        {
                                            "file-name": "failed",
                                            "files": [
                                                {
                                                    "file-name": "download",
                                                    "files": [
                                                        {
                                                            "file-name": "00000000-0000-0000-0000-000000000001",
                                                            "files": [
                                                                {
                                                                    "file-name": "URL-s10359052--ftp&c%%openpain.org%placebo_1%PL-1201fe59059f7114c97155aba1b9932b",
                                                                    "md5sum": "d46b1c7a57d02781869418908708ab72"
                                                                }
                                                            ]
                                                        }
                                                    ]
                                                }
                                            ]
                                        }
                                    ]
                                },
                                {
                                    "file-name": "objects",
                                    "files": [
                                        {
                                            "file-name": "xj",
                                            "files": [
                                                {
                                                    "file-name": "g1",
                                                    "files": [
                                                        {
                                                            "file-name": "URL-s10299627--ftp&c%%openpain.org%placebo_1%PL-291712180692d83fb14060ebbc64cfc6",
                                                            "files": [
                                                                {
                                                                    "file-name": "URL-s10299627--ftp&c%%openpain.org%placebo_1%PL-291712180692d83fb14060ebbc64cfc6",
                                                                    "md5sum": "764d65221c7c79d11bc56fef01520367"
                                                                }
                                                            ]
                                                        }
                                                    ]
                                                }
                                            ]
                                        },
                                        {
                                            "file-name": "5Q",
                                            "files": [
                                                {
                                                    "file-name": "Kj",
                                                    "files": [
                                                        {
                                                            "file-name": "URL-s1172960362--ftp&c%%openpain.org%placebo_1%PL-1bcdd4815d5515d08b1bae81e90a0e54",
                                                            "files": [
                                                                {
                                                                    "file-name": "URL-s1172960362--ftp&c%%openpain.org%placebo_1%PL-1bcdd4815d5515d08b1bae81e90a0e54",
                                                                    "md5sum": "61b1a29d6aaa0661cac936fa4a923883"
                                                                }
                                                            ]
                                                        }
                                                    ]
                                                }
                                            ]
                                        }
                                    ]
                                }
                            ]
                        },
                        {
                            "file-name": "FETCH_HEAD",
                            "md5sum": "781cc6a5546bb0e9d51fd6b25fbcc2bd"
                        },
                        {
                            "file-name": "ORIG_HEAD",
                            "md5sum": "fc65e544627c622035529e901737df0e"
                        }
                    ]
                },
                {
                    "file-name": ".datalad",
                    "files": [
                        {
                            "file-name": ".gitattributes",
                            "md5sum": "d4a36c9475aabe1d427d85f34d2b9914"
                        },
                        {
                            "file-name": "config",
                            "md5sum": "f5da3f5c5cc274067329d0ef3b1c4d1b"
                        }
                    ]
                },
                {
                    "file-name": ".gitattributes",
                    "md5sum": "39156450220ab6553898aebbcf64aa90"
                },
                {
                    "file-name": "DATS.json",
                    "md5sum": "5376134100b3c822f5b362fee47c9f66"
                },
                {
                    "file-name": "OP_Pic1.jpg",
                    "md5sum": "6f00a251645299f56ab831281a5d75b0"
                },
                {
                    "file-name": "PL011",
                    "files": [
                        {
                            "file-name": "visit2",
                            "files": [
                                {
                                    "file-name": "anat",
                                    "files": [
                                        {
                                            "file-name": "PL011_visit2_t1_defaced.nii.gz",
                                            "not_found": true
                                        }
                                    ]
                                },
                                {
                                    "file-name": "funct",
                                    "files": [
                                        {
                                            "file-name": "PL011_visit2_resting1.nii.gz",
                                            "not_found": true
                                        },
                                        {
                                            "file-name": "PL011_visit2_resting2.nii.gz",
                                            "not_found": true
                                        }
                                    ]
                                }
                            ]
                        },
                        {
                            "file-name": "visit3",
                            "files": [
                                {
                                    "file-name": "anat",
                                    "files": [
                                        {
                                            "file-name": "PL011_visit3_t1_defaced.nii.gz",
                                            "not_found": true
                                        }
                                    ]
                                },
                                {
                                    "file-name": "funct",
                                    "files": [
                                        {
                                            "file-name": "PL011_visit3_resting1.nii.gz",
                                            "not_found": true
                                        },
                                        {
                                            "file-name": "PL011_visit3_resting2.nii.gz",
                                            "not_found": true
                                        }
                                    ]
                                }
                            ]
                        },
                        {
                            "file-name": "visit4",
                            "files": [
                                {
                                    "file-name": "anat",
                                    "files": [
                                        {
                                            "file-name": "PL011_visit4_t1_defaced.nii.gz",
                                            "not_found": true
                                        }
                                    ]
                                },
                                {
                                    "file-name": "funct",
                                    "files": [
                                        {
                                            "file-name": "PL011_visit4_resting1.nii.gz",
                                            "not_found": true
                                        },
                                        {
                                            "file-name": "PL011_visit4_resting2.nii.gz",
                                            "not_found": true
                                        }
                                    ]
                                }
                            ]
                        },
                        {
                            "file-name": "visit5",
                            "files": [
                                {
                                    "file-name": "anat",
                                    "files": [
                                        {
                                            "file-name": "PL011_visit5_t1_defaced.nii.gz",
                                            "md5sum": "764d65221c7c79d11bc56fef01520367"
                                        }
                                    ]
                                },
                                {
                                    "file-name": "funct",
                                    "files": [
                                        {
                                            "file-name": "PL011_visit5_resting1.nii.gz",
                                            "md5sum": "61b1a29d6aaa0661cac936fa4a923883"
                                        },
                                        {
                                            "file-name": "PL011_visit5_resting2.nii.gz",
                                            "not_found": true
                                        }
                                    ]
                                }
                            ]
                        }
                    ]
                },
                {
                    "file-name": "README.md",
                    "md5sum": "0b181846a70f02d416808f62625bf06b"
                }
            ]
        },
        "output_dir_name": "/home/mandana/CONP/pipelines/BIDS-App-Example/output/",
        "analysis_level": "participant"
    },
    "public-output": {
        "stdout": null,
        "stderr": null,
        "exit-code": 0,
        "error-message": "",
        "shell-command": "mkdir -p /home/mandana/CONP/pipelines/BIDS-App-Example/output/; /run.py /home/mandana/CONP/conp-dataset/projects/openpain/placebo_1/ /home/mandana/CONP/pipelines/BIDS-App-Example/output/ participant",
        "missing-files": {},
        "output-files": {
            "output_dir": {
                "file-name": "",
                "files": []
            }
        }
    },
    "additional-information": null
}