{
    "summary": {
        "name": "PreFreeSurferPipelineBatch",
        "descriptor-doi": "10.5281/zenodo.1450995",
        "date-time": "2021-02-22_13h57m41s860138ms"
    },
    "public-invocation": {
        "subject_folder": {
            "file-name": "t1",
            "not_found": true
        },
        "execution_name": "/home/mandana/CONP/pipelines/ali/prefreesurfer-1450995/"
    },
    "public-output": {
        "stdout": "/home/mandana/CONP/pipelines/ali/openpain/thermal/openpain/thermal/healthy010/t1 is not a directory or it is not in the current working folder.\n[ ERROR ] [ Mon Feb 22 18:57:41 UTC 2021 ] Cannot create execution directory.\n",
        "stderr": "",
        "exit-code": 1,
        "error-message": "",
        "shell-command": "command-line-script.sh /home/mandana/CONP/pipelines/ali/openpain/thermal/openpain/thermal/healthy010/t1 /home/mandana/CONP/pipelines/ali/prefreesurfer-1450995/",
        "missing-files": {
            "results": "/home/mandana/CONP/pipelines/ali/openpain/thermal/openpain/thermal/healthy010/t1-/home/mandana/CONP/pipelines/ali/prefreesurfer-1450995/"
        },
        "output-files": {}
    },
    "additional-information": null
}