{
    "summary": {
        "name": "fsl_bet",
        "descriptor-doi": "10.5281/zenodo.1482743",
        "date-time": "2021-01-30_20h10m30s463767ms"
    },
    "public-invocation": {
        "infile": {
            "file-name": "bigbrain.loris.ca_BigBrainRelease.2015_3D_Volumes_Histological_Space_full8_400um_optbal.nii.gz",
            "md5sum": "44a2aead3f1710e6f28cb52d4c648bb9"
        },
        "maskfile": "/home/mandana/CONP/oneVoxel/BigBrain/mask_bigbrain.loris.ca_BigBrainRelease.2015_3D_Volumes_Histological_Space_full8_400um_optbal"
    },
    "public-output": {
        "stdout": null,
        "stderr": null,
        "exit-code": 0,
        "error-message": "",
        "shell-command": "bet /home/mandana/CONP/conp-dataset/projects/BigBrain/3D_Volumes/Histological_Space/bigbrain.loris.ca_BigBrainRelease.2015_3D_Volumes_Histological_Space_full8_400um_optbal.nii.gz /home/mandana/CONP/oneVoxel/BigBrain/mask_bigbrain.loris.ca_BigBrainRelease.2015_3D_Volumes_Histological_Space_full8_400um_optbal",
        "missing-files": {},
        "output-files": {
            "outfile": {
                "file-name": "mask_bigbrain.loris.ca_BigBrainRelease.2015_3D_Volumes_Histological_Space_full8_400um_optbal.nii.gz",
                "md5sum": "070a0540ea9a5566c1e69650590be707"
            }
        }
    },
    "additional-information": null
}