{
    "summary": {
        "name": "FreeSurfer-Recon-all",
        "descriptor-doi": "10.5281/zenodo.4043546",
        "date-time": "2021-04-02_15h14m03s106246ms"
    },
    "public-invocation": {
        "license": {
            "file-name": "license.txt",
            "md5sum": "f606798c4c204e59ee84e220a6d26426"
        },
        "subjid": "PL011",
        "input": {
            "file-name": "PL011_visit3_t1_defaced.nii.gz",
            "md5sum": "a2db928b167bddac7a27eb0915e605f7"
        },
        "directives": "-all"
    },
    "public-output": {
        "stdout": null,
        "stderr": null,
        "exit-code": 0,
        "error-message": "",
        "shell-command": "export SUBJECTS_DIR=`pwd`; export FS_LICENSE=`pwd`/license_FreeSurfer/license.txt; recon-all -subjid PL011 -i conp-dataset/projects/openpain/placebo_1/PL011/visit3/anat/PL011_visit3_t1_defaced.nii.gz -all",
        "missing-files": {},
        "output-files": {
            "subjid_output": {
                "file-name": "PL011",
                "files": [
                    {
                        "file-name": "scripts",
                        "files": [
                            {
                                "file-name": "build-stamp.txt",
                                "md5sum": "507407bea2674bd0417252556017bace"
                            },
                            {
                                "file-name": "patchdir.txt",
                                "md5sum": "68b329da9893e34099c7d8ad5cb9c940"
                            },
                            {
                                "file-name": "lastcall.build-stamp.txt",
                                "md5sum": "507407bea2674bd0417252556017bace"
                            },
                            {
                                "file-name": "recon-config.yaml",
                                "md5sum": "1409d719f9e768aebd20106fd9942180"
                            },
                            {
                                "file-name": "unknown-args.txt",
                                "md5sum": "cb49a8c2f3ee0889e4f4ef80da74306b"
                            },
                            {
                                "file-name": "recon-all.cmd",
                                "md5sum": "33240750fe0a7dac90b499c148c1c8c7"
                            },
                            {
                                "file-name": "recon-all.env",
                                "md5sum": "dc35ae70bb80833b26bb8232e3de9270"
                            },
                            {
                                "file-name": "recon-all.log",
                                "md5sum": "c43fce7c3c0d66ba11dffbfef1281d13"
                            },
                            {
                                "file-name": "recon-all-status.log",
                                "md5sum": "caad0f052617b5f5ae847a06b3332c6a"
                            },
                            {
                                "file-name": "recon-all.local-copy",
                                "md5sum": "1ca3508b301f82ad7abf6c21726184b9"
                            },
                            {
                                "file-name": "ponscc.cut.log",
                                "md5sum": "98bacba1ab81e018fbbf32ce30fc4fbd"
                            },
                            {
                                "file-name": "defect2seg.log",
                                "md5sum": "f7978acef5ed5c17e40e87750fd66b5e"
                            },
                            {
                                "file-name": "pctsurfcon.log.old",
                                "md5sum": "bea298e67287107b50a3da150217b8c6"
                            },
                            {
                                "file-name": "pctsurfcon.log",
                                "md5sum": "4d861e7edc44d3b1fcccfa10fccfb2f3"
                            },
                            {
                                "file-name": "recon-all.done",
                                "md5sum": "7b3bf1c68f0da18c197d8835c9ad1c6e"
                            }
                        ]
                    },
                    {
                        "file-name": "mri",
                        "files": [
                            {
                                "file-name": "transforms",
                                "files": [
                                    {
                                        "file-name": "bak",
                                        "files": []
                                    },
                                    {
                                        "file-name": "talairach_avi.log",
                                        "md5sum": "4492831da5399f4433fdc1baf6c52ca4"
                                    },
                                    {
                                        "file-name": "talairach.auto.xfm",
                                        "md5sum": "35d0551fdf902b8b9253512b81be562e"
                                    },
                                    {
                                        "file-name": "talsrcimg_to_711-2C_as_mni_average_305_t4_vox2vox.txt",
                                        "md5sum": "cfaaeb9533fa6952c9c05f01e9508fd6"
                                    },
                                    {
                                        "file-name": "talairach.auto.xfm.lta",
                                        "md5sum": "89460eaa154b9c33712475061f7e20fa"
                                    },
                                    {
                                        "file-name": "talairach.xfm",
                                        "md5sum": "35d0551fdf902b8b9253512b81be562e"
                                    },
                                    {
                                        "file-name": "talairach.xfm.lta",
                                        "md5sum": "d6e9cb196a8c189ca94a493380e0a6ec"
                                    },
                                    {
                                        "file-name": "talairach_avi_QA.log",
                                        "md5sum": "c3e58b2b5bdffbbf1e41c127dc4707f7"
                                    },
                                    {
                                        "file-name": "talairach_with_skull.lta",
                                        "md5sum": "5a17ebef908e1a8f2808329061986eb4"
                                    },
                                    {
                                        "file-name": "talairach.lta",
                                        "md5sum": "fe3a83080e9f58f3ce7a27541bb7cb98"
                                    },
                                    {
                                        "file-name": "talairach.m3z",
                                        "md5sum": "94c5ee51d9f17443c287d4518f8c2aeb"
                                    },
                                    {
                                        "file-name": "cc_up.lta",
                                        "md5sum": "70478955f76e9e0e96f75da1ec8ebaea"
                                    }
                                ]
                            },
                            {
                                "file-name": "orig",
                                "files": [
                                    {
                                        "file-name": "001.mgz",
                                        "md5sum": "194840129ad73f8f68c4812bf9f2c901"
                                    }
                                ]
                            },
                            {
                                "file-name": "rawavg.mgz",
                                "md5sum": "194840129ad73f8f68c4812bf9f2c901"
                            },
                            {
                                "file-name": "orig.mgz",
                                "md5sum": "79a05ef6fa8cb0fed086db276f785fb2"
                            },
                            {
                                "file-name": "orig_nu.mgz",
                                "md5sum": "4c2c830174d7a755783ef848cff75885"
                            },
                            {
                                "file-name": "mri_nu_correct.mni.log.bak",
                                "md5sum": "78714a69af9f5ddfb0372e3698232a8e"
                            },
                            {
                                "file-name": "mri_nu_correct.mni.log",
                                "md5sum": "9126d0347426d2b8d08e2cfa4b9aca4a"
                            },
                            {
                                "file-name": "nu.mgz",
                                "md5sum": "ad21e2364f8dbbff201ccf202257d39a"
                            },
                            {
                                "file-name": "T1.mgz",
                                "md5sum": "1e81f161a273334129df22650fbd3c2a"
                            },
                            {
                                "file-name": "talairach_with_skull.log",
                                "md5sum": "9d7f25a2e756f9c9060f781f3887d33d"
                            },
                            {
                                "file-name": "brainmask.auto.mgz",
                                "md5sum": "aff9d9d9dbf62d3d8316e48acb16cd4f"
                            },
                            {
                                "file-name": "brainmask.mgz",
                                "md5sum": "aff9d9d9dbf62d3d8316e48acb16cd4f"
                            },
                            {
                                "file-name": "talairach.log",
                                "md5sum": "ea405cf43c4b95f01d36863d4bf215dc"
                            },
                            {
                                "file-name": "norm.mgz",
                                "md5sum": "09b62b02a78d401a52f49d030182d2be"
                            },
                            {
                                "file-name": "ctrl_pts.mgz",
                                "md5sum": "fcd56cc022617d08643b7ab3cbdd1ca8"
                            },
                            {
                                "file-name": "talairach.label_intensities.txt",
                                "md5sum": "4d627b0991b32e0c53eee5068d9b26b8"
                            },
                            {
                                "file-name": "aseg.auto_noCCseg.label_intensities.txt",
                                "md5sum": "3c7553910f1b7d54ac02612f4ddb3b98"
                            },
                            {
                                "file-name": "aseg.auto_noCCseg.mgz",
                                "md5sum": "002a7f68d9b3fec22efeb116bbcbd1dd"
                            },
                            {
                                "file-name": "aseg.auto.mgz",
                                "md5sum": "871d3b175af8f49a30b4d7e05e291105"
                            },
                            {
                                "file-name": "aseg.presurf.mgz",
                                "md5sum": "871d3b175af8f49a30b4d7e05e291105"
                            },
                            {
                                "file-name": "brain.mgz",
                                "md5sum": "3cc32654c49db7ee6b09f73297375ef1"
                            },
                            {
                                "file-name": "brain.finalsurfs.mgz",
                                "md5sum": "11dc7ab8b844dc3b592153e1e77a1a26"
                            },
                            {
                                "file-name": "antsdn.brain.mgz",
                                "md5sum": "e2f4ca86b8efd204e56e3ce3d13306a6"
                            },
                            {
                                "file-name": "segment.dat",
                                "md5sum": "8458252365a46fc55d8aebf95707e245"
                            },
                            {
                                "file-name": "wm.seg.mgz",
                                "md5sum": "6bb7ad25ab518749cfd1f0dd6242e5d5"
                            },
                            {
                                "file-name": "wm.asegedit.mgz",
                                "md5sum": "965799dff09eaf8ed7002ee4909b38cf"
                            },
                            {
                                "file-name": "wm.mgz",
                                "md5sum": "5b9784a9f4a5274392e825c8e125e83d"
                            },
                            {
                                "file-name": "filled.mgz",
                                "md5sum": "929b7136ea75f2fe9a9a6a698b0d1673"
                            },
                            {
                                "file-name": "surface.defects.mgz",
                                "md5sum": "ba10876f63b578a13fc257299dd50c4c"
                            },
                            {
                                "file-name": "ribbon.mgz",
                                "md5sum": "08236e0ed7c928f3dcf888bcfa64754f"
                            },
                            {
                                "file-name": "lh.ribbon.mgz",
                                "md5sum": "01e8b785257bcd3bd339347a14a4d4ff"
                            },
                            {
                                "file-name": "rh.ribbon.mgz",
                                "md5sum": "ce57e754315a7c36258b2e5468cf1674"
                            },
                            {
                                "file-name": "aseg.presurf.hypos.mgz",
                                "md5sum": "c2c17b0667d5e911744bfdcc5aebe015"
                            },
                            {
                                "file-name": "aseg.mgz",
                                "md5sum": "fb2966acc4a7c3938336e16822abf0b1"
                            },
                            {
                                "file-name": "aparc+aseg.mgz",
                                "md5sum": "5c71d1ed7a2dfa859e057e72971b7b5a"
                            },
                            {
                                "file-name": "aparc.a2009s+aseg.mgz",
                                "md5sum": "dc9b59416deb2d7660ec51ae0cc9e7d6"
                            },
                            {
                                "file-name": "aparc.DKTatlas+aseg.mgz",
                                "md5sum": "0d4e980ac5da467a6b522a8ab2461390"
                            },
                            {
                                "file-name": "wmparc.mgz",
                                "md5sum": "38681800a0a3f56c43c20f3eed2890b9"
                            }
                        ]
                    },
                    {
                        "file-name": "surf",
                        "files": [
                            {
                                "file-name": "lh.orig.nofix",
                                "md5sum": "635bda2a62522c21ab61f6cfa13c2e7a"
                            },
                            {
                                "file-name": "rh.orig.nofix",
                                "md5sum": "c3f8051fb565096c7ae36098f603280e"
                            },
                            {
                                "file-name": "lh.smoothwm.nofix",
                                "md5sum": "b61c3f97f39866388fba027ed2973b2e"
                            },
                            {
                                "file-name": "rh.smoothwm.nofix",
                                "md5sum": "45b17bed0e392572d02b7f532faf6841"
                            },
                            {
                                "file-name": "lh.inflated.nofix",
                                "md5sum": "701cb0507e9341b73910af55644a3b3b"
                            },
                            {
                                "file-name": "rh.inflated.nofix",
                                "md5sum": "6e67b62c46c239f4abdac98f9096e9ab"
                            },
                            {
                                "file-name": "lh.qsphere.nofix",
                                "md5sum": "1883757b02c9f489fb0744689518bc85"
                            },
                            {
                                "file-name": "rh.qsphere.nofix",
                                "md5sum": "6f011a0a27f0ec3e018690cbf51d4d4b"
                            },
                            {
                                "file-name": "lh.defect_labels",
                                "md5sum": "72317b59ecfa78aba680e41b179a8a4f"
                            },
                            {
                                "file-name": "lh.defect_borders",
                                "md5sum": "25afba535bbe315c9f21607f2fced465"
                            },
                            {
                                "file-name": "lh.defect_chull",
                                "md5sum": "1c70eca7d11c5b94d1b40843eb5daee7"
                            },
                            {
                                "file-name": "lh.orig.premesh",
                                "md5sum": "a8cd5605a3755e81941619564af78310"
                            },
                            {
                                "file-name": "rh.defect_labels",
                                "md5sum": "c216adc7e6c22749b310d5fd4a9a3e1d"
                            },
                            {
                                "file-name": "rh.defect_borders",
                                "md5sum": "0817aea4df169e0665d15eba77661234"
                            },
                            {
                                "file-name": "rh.defect_chull",
                                "md5sum": "130865ae50a527cf70e9987a858516f3"
                            },
                            {
                                "file-name": "rh.orig.premesh",
                                "md5sum": "d537b497dd9d19ce0fb2beaaba6263d7"
                            },
                            {
                                "file-name": "lh.defects.pointset",
                                "md5sum": "ce0e490983000ae1dbfc7b894960e953"
                            },
                            {
                                "file-name": "rh.defects.pointset",
                                "md5sum": "7a758a32a860c6f1f5cc752f9b5fe22c"
                            },
                            {
                                "file-name": "lh.orig",
                                "md5sum": "677581d26e98750940b3692c2b7c5205"
                            },
                            {
                                "file-name": "rh.orig",
                                "md5sum": "0a7e980249887cc7d24d07d363fd211c"
                            },
                            {
                                "file-name": "autodet.gw.stats.lh.dat",
                                "md5sum": "7e15da1f8dcf3c1f632d46dc56170f3c"
                            },
                            {
                                "file-name": "autodet.gw.stats.rh.dat",
                                "md5sum": "9e72aa4f018a668411af22f7d0701624"
                            },
                            {
                                "file-name": "lh.white.preaparc",
                                "md5sum": "a0d47c48e2f5a94ffda495634d252e92"
                            },
                            {
                                "file-name": "rh.white.preaparc",
                                "md5sum": "a249d70f95cba8069bedd34e00c4cddd"
                            },
                            {
                                "file-name": "lh.smoothwm",
                                "md5sum": "24de742ec7392591c001a29032ade197"
                            },
                            {
                                "file-name": "rh.smoothwm",
                                "md5sum": "7c414618c4355cbc0f2b67f25d377ea8"
                            },
                            {
                                "file-name": "lh.inflated",
                                "md5sum": "8f9702f428886856a154d9c742f2e77c"
                            },
                            {
                                "file-name": "lh.sulc",
                                "md5sum": "011b4936b0716dfde96b816008e733b3"
                            },
                            {
                                "file-name": "rh.inflated",
                                "md5sum": "3d66f30e037da9087b3d6fcce5f0d555"
                            },
                            {
                                "file-name": "rh.sulc",
                                "md5sum": "5ad8923716bcd37c00e7a3cf664725b7"
                            },
                            {
                                "file-name": "lh.white.preaparc.K",
                                "md5sum": "083dd681881ee607280539d3a63c8492"
                            },
                            {
                                "file-name": "lh.white.preaparc.H",
                                "md5sum": "367b417ba476f29eb4291c2ca7945c44"
                            },
                            {
                                "file-name": "lh.white.H",
                                "md5sum": "367b417ba476f29eb4291c2ca7945c44"
                            },
                            {
                                "file-name": "lh.white.K",
                                "md5sum": "083dd681881ee607280539d3a63c8492"
                            },
                            {
                                "file-name": "lh.inflated.K",
                                "md5sum": "8ca30f2ec60d91fac868fb9ab4bc1477"
                            },
                            {
                                "file-name": "lh.inflated.H",
                                "md5sum": "27d9899af1a4fca374a8de41eb3d4b07"
                            },
                            {
                                "file-name": "rh.white.preaparc.K",
                                "md5sum": "f73d15c6795b28544f21470f572785bd"
                            },
                            {
                                "file-name": "rh.white.preaparc.H",
                                "md5sum": "0b930f244dca0f67cf26baa449824f66"
                            },
                            {
                                "file-name": "rh.white.H",
                                "md5sum": "0b930f244dca0f67cf26baa449824f66"
                            },
                            {
                                "file-name": "rh.white.K",
                                "md5sum": "f73d15c6795b28544f21470f572785bd"
                            },
                            {
                                "file-name": "rh.inflated.K",
                                "md5sum": "7012b19f7b8b07f7f3f4a1e54a86f65e"
                            },
                            {
                                "file-name": "rh.inflated.H",
                                "md5sum": "637522405f2fa4ace2801cd0b92ea08b"
                            },
                            {
                                "file-name": "lh.sphere",
                                "md5sum": "c4909d664bbfb3fc1a747d31d7bd5c5e"
                            },
                            {
                                "file-name": "rh.sphere",
                                "md5sum": "9b122281f3edd9c6452627b4ca76538a"
                            },
                            {
                                "file-name": "lh.sphere.reg",
                                "md5sum": "5bb77d904bc1ba1cf2bccb2d90c4eee4"
                            },
                            {
                                "file-name": "lh.fsaverage.sphere.reg",
                                "md5sum": "5bb77d904bc1ba1cf2bccb2d90c4eee4"
                            },
                            {
                                "file-name": "rh.sphere.reg",
                                "md5sum": "0dba169f24acb39051b1bcb975b7b24e"
                            },
                            {
                                "file-name": "rh.fsaverage.sphere.reg",
                                "md5sum": "0dba169f24acb39051b1bcb975b7b24e"
                            },
                            {
                                "file-name": "lh.jacobian_white",
                                "md5sum": "c19698102404b1676d66aa59620d614c"
                            },
                            {
                                "file-name": "rh.jacobian_white",
                                "md5sum": "2d0ba1d34dbd4777ef7051313ea1671d"
                            },
                            {
                                "file-name": "lh.avg_curv",
                                "md5sum": "3cb9c1a2c8d12db89f5d381ab20aec5e"
                            },
                            {
                                "file-name": "rh.avg_curv",
                                "md5sum": "886abbedf19df71227de0cc1585378a0"
                            },
                            {
                                "file-name": "lh.white",
                                "md5sum": "c69cc60b820265556a3d26a6ab31aec8"
                            },
                            {
                                "file-name": "rh.white",
                                "md5sum": "d618e8671096d2bcc57ad63feda29233"
                            },
                            {
                                "file-name": "lh.pial.T1",
                                "md5sum": "8c0e265af8ed86771280e2cc5af4c5f9"
                            },
                            {
                                "file-name": "lh.pial",
                                "md5sum": "8c0e265af8ed86771280e2cc5af4c5f9"
                            },
                            {
                                "file-name": "rh.pial.T1",
                                "md5sum": "91c9bfe7795828dedb9f17aa7ab9b61a"
                            },
                            {
                                "file-name": "rh.pial",
                                "md5sum": "91c9bfe7795828dedb9f17aa7ab9b61a"
                            },
                            {
                                "file-name": "lh.curv",
                                "md5sum": "b1a4003a6c525b4c6747102a3a7fe45c"
                            },
                            {
                                "file-name": "lh.area",
                                "md5sum": "d673d8605295f5710c56ef4415c785ea"
                            },
                            {
                                "file-name": "lh.curv.pial",
                                "md5sum": "cc5d9240bd9165f338b28dfa80a1ac42"
                            },
                            {
                                "file-name": "lh.area.pial",
                                "md5sum": "fa07ad834cf8a2c9c2df737cf48e4e89"
                            },
                            {
                                "file-name": "lh.thickness",
                                "md5sum": "6c7eb3befbfbd72eee0a8f43fb71db76"
                            },
                            {
                                "file-name": "lh.area.mid",
                                "md5sum": "022b53ad09cb30e49494f80b96ca4b96"
                            },
                            {
                                "file-name": "lh.volume",
                                "md5sum": "fb25d7b4ce5d11e73b3c2b98ebcaa18e"
                            },
                            {
                                "file-name": "rh.curv",
                                "md5sum": "dc7d99340d7453aa235b3b01f61dffb4"
                            },
                            {
                                "file-name": "rh.area",
                                "md5sum": "a3818b78841afb8cf5ae4676bd3fe382"
                            },
                            {
                                "file-name": "rh.curv.pial",
                                "md5sum": "3d3017f29a9493ed703fb7561d9ed9b5"
                            },
                            {
                                "file-name": "rh.area.pial",
                                "md5sum": "42440eb9ccfa979d22641796fa779787"
                            },
                            {
                                "file-name": "rh.thickness",
                                "md5sum": "55e6c334f082ef4bb022def69a841d84"
                            },
                            {
                                "file-name": "rh.area.mid",
                                "md5sum": "02d02e41d3d8a788bb153774aa57a641"
                            },
                            {
                                "file-name": "rh.volume",
                                "md5sum": "81f2476ff6360c34b4e935502e0d3eba"
                            },
                            {
                                "file-name": "lh.smoothwm.K.crv",
                                "md5sum": "717dabe3225a4f380c8934532460609f"
                            },
                            {
                                "file-name": "lh.smoothwm.H.crv",
                                "md5sum": "496bc4ecafc0f9f1a82bc16777f1e570"
                            },
                            {
                                "file-name": "lh.smoothwm.K1.crv",
                                "md5sum": "268ff998a4eebb846d4084163636759a"
                            },
                            {
                                "file-name": "lh.smoothwm.K2.crv",
                                "md5sum": "fdf3c7f2bad1e4dde0a544097c1cc423"
                            },
                            {
                                "file-name": "lh.smoothwm.S.crv",
                                "md5sum": "aab7835efb3911b57b60c952d6a07ca7"
                            },
                            {
                                "file-name": "lh.smoothwm.C.crv",
                                "md5sum": "f928589f2296f4c5bf62c033c6273b89"
                            },
                            {
                                "file-name": "lh.smoothwm.BE.crv",
                                "md5sum": "01c797827bea58afbb675a754e32baf4"
                            },
                            {
                                "file-name": "lh.smoothwm.FI.crv",
                                "md5sum": "15e5c2d7d62f458a5522666e057b1142"
                            },
                            {
                                "file-name": "rh.smoothwm.K.crv",
                                "md5sum": "796211e4d0f0cb2a0baace13d73a526f"
                            },
                            {
                                "file-name": "rh.smoothwm.H.crv",
                                "md5sum": "48b53208daf7ef687afa2a063eee64d7"
                            },
                            {
                                "file-name": "rh.smoothwm.K1.crv",
                                "md5sum": "dfaa22b3866bf820e82d2943d8f4babc"
                            },
                            {
                                "file-name": "rh.smoothwm.K2.crv",
                                "md5sum": "e1393f0eff2d61993b88ef907ef286db"
                            },
                            {
                                "file-name": "rh.smoothwm.S.crv",
                                "md5sum": "d81fe8c313be44080ceb1e5cde0fd78c"
                            },
                            {
                                "file-name": "rh.smoothwm.C.crv",
                                "md5sum": "c55570b83c797265dc88b298d9c0bdad"
                            },
                            {
                                "file-name": "rh.smoothwm.BE.crv",
                                "md5sum": "3acb36fcc61d0c6701f085ba7816c8fd"
                            },
                            {
                                "file-name": "rh.smoothwm.FI.crv",
                                "md5sum": "df52edd85543a5c26bef038afdb14c33"
                            },
                            {
                                "file-name": "lh.w-g.pct.mgh",
                                "md5sum": "8b89b54aaffb1c14abfcb9a0357f46f7"
                            },
                            {
                                "file-name": "rh.w-g.pct.mgh",
                                "md5sum": "bdade6c864615f6562959c25c3ff91f7"
                            }
                        ]
                    },
                    {
                        "file-name": "tmp",
                        "files": []
                    },
                    {
                        "file-name": "label",
                        "files": [
                            {
                                "file-name": "lh.cortex.label",
                                "md5sum": "7fb82e5a3dd272215266f5b0c293c3dc"
                            },
                            {
                                "file-name": "lh.cortex+hipamyg.label",
                                "md5sum": "61d6c0490ce6033d272220eec275a703"
                            },
                            {
                                "file-name": "rh.cortex.label",
                                "md5sum": "bb119e11bdd918ea94e58439a2d8f8a0"
                            },
                            {
                                "file-name": "rh.cortex+hipamyg.label",
                                "md5sum": "ff44a4ee944d30984a57df742e6305f5"
                            },
                            {
                                "file-name": "lh.aparc.annot",
                                "md5sum": "1f4da686c46ed8354cfef6ea3601e3c0"
                            },
                            {
                                "file-name": "rh.aparc.annot",
                                "md5sum": "6804a6b79a6ff76fe1259f6c90c28e64"
                            },
                            {
                                "file-name": "lh.aparc.a2009s.annot",
                                "md5sum": "265366d6fbc458354a5153f32229f4ff"
                            },
                            {
                                "file-name": "rh.aparc.a2009s.annot",
                                "md5sum": "e2a61f196c7dd926377ba7533d9b19d3"
                            },
                            {
                                "file-name": "lh.aparc.DKTatlas.annot",
                                "md5sum": "315ca8a05d074bc83c01959b825e6ff5"
                            },
                            {
                                "file-name": "rh.aparc.DKTatlas.annot",
                                "md5sum": "e67d2e7c67aeadd7d8ef1f390545386d"
                            },
                            {
                                "file-name": "aparc.annot.ctab",
                                "md5sum": "757e7e27742ae27d720f8fc37fbdaf36"
                            },
                            {
                                "file-name": "aparc.annot.a2009s.ctab",
                                "md5sum": "cf32a567746bf18e8b52c323dc152570"
                            },
                            {
                                "file-name": "aparc.annot.DKTatlas.ctab",
                                "md5sum": "757e7e27742ae27d720f8fc37fbdaf36"
                            },
                            {
                                "file-name": "lh.BA1_exvivo.label",
                                "md5sum": "aea55f3ec998acbb944e8d3db887a827"
                            },
                            {
                                "file-name": "lh.BA2_exvivo.label",
                                "md5sum": "160129bde31ea95fa916914290e2600b"
                            },
                            {
                                "file-name": "lh.BA3a_exvivo.label",
                                "md5sum": "4be3e2971c8ebc0ce02dfe2a95975708"
                            },
                            {
                                "file-name": "lh.BA3b_exvivo.label",
                                "md5sum": "c7b6cd0507e313e53e931bec18c46fed"
                            },
                            {
                                "file-name": "lh.BA4a_exvivo.label",
                                "md5sum": "341ee32c6ba5aadb26a42678f0043d37"
                            },
                            {
                                "file-name": "lh.BA4p_exvivo.label",
                                "md5sum": "99c45c3c2cf3e4ec1b5818613f9aaec7"
                            },
                            {
                                "file-name": "lh.BA6_exvivo.label",
                                "md5sum": "5777b670f991dd79fdaf2fe210a119d6"
                            },
                            {
                                "file-name": "lh.BA44_exvivo.label",
                                "md5sum": "02ab657d612e598a30db872a5b69705e"
                            },
                            {
                                "file-name": "lh.BA45_exvivo.label",
                                "md5sum": "85f3614f54e2bdc166c94d54e0e863e3"
                            },
                            {
                                "file-name": "lh.V1_exvivo.label",
                                "md5sum": "1da149333a7c691894b579faa5a31acf"
                            },
                            {
                                "file-name": "lh.V2_exvivo.label",
                                "md5sum": "799bbe09c36e13639441cfe92862291b"
                            },
                            {
                                "file-name": "lh.MT_exvivo.label",
                                "md5sum": "34b26e090b8a96c0676bb2a7bc11cc7c"
                            },
                            {
                                "file-name": "lh.entorhinal_exvivo.label",
                                "md5sum": "4adba2bec3fd79b8f620449cf8a44f5f"
                            },
                            {
                                "file-name": "lh.perirhinal_exvivo.label",
                                "md5sum": "5dc9ed481cf4f86ff9c535265dedb2b5"
                            },
                            {
                                "file-name": "lh.FG1.mpm.vpnl.label",
                                "md5sum": "32ad1dd07673bb897c41c1ed8abcfdf3"
                            },
                            {
                                "file-name": "lh.FG2.mpm.vpnl.label",
                                "md5sum": "872aaeb2a416192093edffb821d7a5cf"
                            },
                            {
                                "file-name": "lh.FG3.mpm.vpnl.label",
                                "md5sum": "8065970ee063d9170fbec3e93ce020f6"
                            },
                            {
                                "file-name": "lh.FG4.mpm.vpnl.label",
                                "md5sum": "f68ba97e917d3480af31ddbc355772a4"
                            },
                            {
                                "file-name": "lh.hOc1.mpm.vpnl.label",
                                "md5sum": "0a8283b7aad5584cc6432b2818d9c77b"
                            },
                            {
                                "file-name": "lh.hOc2.mpm.vpnl.label",
                                "md5sum": "2e59aba7f0168b660123b3c54ba0cad0"
                            },
                            {
                                "file-name": "lh.hOc3v.mpm.vpnl.label",
                                "md5sum": "bbff08ee9d81d4ffcf6101a9b4bdf4af"
                            },
                            {
                                "file-name": "lh.hOc4v.mpm.vpnl.label",
                                "md5sum": "56ce454ef2e91e34032ab7d85db653c4"
                            },
                            {
                                "file-name": "lh.mpm.vpnl.annot",
                                "md5sum": "ba8fea876a1576e0dc617f65254b6de9"
                            },
                            {
                                "file-name": "lh.BA1_exvivo.thresh.label",
                                "md5sum": "ab00a12a71f23091932708a7cbd966c6"
                            },
                            {
                                "file-name": "lh.BA2_exvivo.thresh.label",
                                "md5sum": "4f2c97253eceb9987ca42fa8843b1390"
                            },
                            {
                                "file-name": "lh.BA3a_exvivo.thresh.label",
                                "md5sum": "75edccc8391df95c0c2a96c64c60790e"
                            },
                            {
                                "file-name": "lh.BA3b_exvivo.thresh.label",
                                "md5sum": "259367eda99514ec57683e2632f6906c"
                            },
                            {
                                "file-name": "lh.BA4a_exvivo.thresh.label",
                                "md5sum": "b5ad937b3f93c7ad24ec4d86fe608503"
                            },
                            {
                                "file-name": "lh.BA4p_exvivo.thresh.label",
                                "md5sum": "cc6187b56963622e183ae8318c946592"
                            },
                            {
                                "file-name": "lh.BA6_exvivo.thresh.label",
                                "md5sum": "e9a77b004b18db1d82b8b0cf66d3e4d9"
                            },
                            {
                                "file-name": "lh.BA44_exvivo.thresh.label",
                                "md5sum": "7862fd21d22ac69f2c624ae1ae8a5347"
                            },
                            {
                                "file-name": "lh.BA45_exvivo.thresh.label",
                                "md5sum": "2cbb0e54e7600d73c4a144c4bd967a3a"
                            },
                            {
                                "file-name": "lh.V1_exvivo.thresh.label",
                                "md5sum": "229616556566c2ec3d70e747b398e391"
                            },
                            {
                                "file-name": "lh.V2_exvivo.thresh.label",
                                "md5sum": "9252dc0c2f717634586fc66bec3b4a0f"
                            },
                            {
                                "file-name": "lh.MT_exvivo.thresh.label",
                                "md5sum": "8036cb112e426266c8dc0e72e6958c3f"
                            },
                            {
                                "file-name": "lh.entorhinal_exvivo.thresh.label",
                                "md5sum": "4a5a2ba99a818cf0a2ccb798ff1f8e7c"
                            },
                            {
                                "file-name": "lh.perirhinal_exvivo.thresh.label",
                                "md5sum": "f6ff00a328e82ffe9640780f38b146c4"
                            },
                            {
                                "file-name": "lh.BA_exvivo.annot",
                                "md5sum": "f18039c9f35aa49d8cc2a52672c960b0"
                            },
                            {
                                "file-name": "lh.BA_exvivo.thresh.annot",
                                "md5sum": "ccdbbf200d6d6b87d924abbd6ea4bc88"
                            },
                            {
                                "file-name": "BA_exvivo.ctab",
                                "md5sum": "f27e92c69d630519d63cd36b8fbabe95"
                            },
                            {
                                "file-name": "BA_exvivo.thresh.ctab",
                                "md5sum": "f27e92c69d630519d63cd36b8fbabe95"
                            },
                            {
                                "file-name": "rh.BA1_exvivo.label",
                                "md5sum": "1306291317fea164b7cddb2c0e799156"
                            },
                            {
                                "file-name": "rh.BA2_exvivo.label",
                                "md5sum": "a0c006797bed4495b459c540ab9ae035"
                            },
                            {
                                "file-name": "rh.BA3a_exvivo.label",
                                "md5sum": "f7d450354eee99f6da666826240823b2"
                            },
                            {
                                "file-name": "rh.BA3b_exvivo.label",
                                "md5sum": "6329237057fb6619a70e926e4c756090"
                            },
                            {
                                "file-name": "rh.BA4a_exvivo.label",
                                "md5sum": "fd5ad88fdacf7e261565c4aff2c4f86d"
                            },
                            {
                                "file-name": "rh.BA4p_exvivo.label",
                                "md5sum": "9dc24cb26c74e167e630e1bae1994d23"
                            },
                            {
                                "file-name": "rh.BA6_exvivo.label",
                                "md5sum": "a9d2476b03dc5c51e766354c0cad67c6"
                            },
                            {
                                "file-name": "rh.BA44_exvivo.label",
                                "md5sum": "8c826650ee8f574b55eb5093010bf238"
                            },
                            {
                                "file-name": "rh.BA45_exvivo.label",
                                "md5sum": "f95a43537264fcac10a8200ea6aa6bf5"
                            },
                            {
                                "file-name": "rh.V1_exvivo.label",
                                "md5sum": "12e9a95113d3ae89c820e3819dd414d4"
                            },
                            {
                                "file-name": "rh.V2_exvivo.label",
                                "md5sum": "815d99625896678e32a8d1cbd9369e9d"
                            },
                            {
                                "file-name": "rh.MT_exvivo.label",
                                "md5sum": "2b5406c74f2602317ef38b22f9eeb938"
                            },
                            {
                                "file-name": "rh.entorhinal_exvivo.label",
                                "md5sum": "2aae8c337c29f2b2e85cfdf75a532bf5"
                            },
                            {
                                "file-name": "rh.perirhinal_exvivo.label",
                                "md5sum": "5a6cc8d31ea153610b747c428c2de6a5"
                            },
                            {
                                "file-name": "rh.FG1.mpm.vpnl.label",
                                "md5sum": "0715682a27454e71bae0126804e98ebf"
                            },
                            {
                                "file-name": "rh.FG2.mpm.vpnl.label",
                                "md5sum": "1621f7bb66102222f17c91004ec0abf8"
                            },
                            {
                                "file-name": "rh.FG3.mpm.vpnl.label",
                                "md5sum": "715a34d9d74e2baa9b118521f863842b"
                            },
                            {
                                "file-name": "rh.FG4.mpm.vpnl.label",
                                "md5sum": "019039bc401da578710ff9a01d537c2f"
                            },
                            {
                                "file-name": "rh.hOc1.mpm.vpnl.label",
                                "md5sum": "72d381d12ab35360d8046d1f7bd997db"
                            },
                            {
                                "file-name": "rh.hOc2.mpm.vpnl.label",
                                "md5sum": "bccd3aba00d4dc77e985be97088a7b38"
                            },
                            {
                                "file-name": "rh.hOc3v.mpm.vpnl.label",
                                "md5sum": "1154113bb4a218dbf7ba75d9834b311a"
                            },
                            {
                                "file-name": "rh.hOc4v.mpm.vpnl.label",
                                "md5sum": "5a9e1252b7dfd605b4524438397ba3d1"
                            },
                            {
                                "file-name": "rh.mpm.vpnl.annot",
                                "md5sum": "ecb382c4b72fa2751e5094bda47ab854"
                            },
                            {
                                "file-name": "rh.BA1_exvivo.thresh.label",
                                "md5sum": "c01872855aca154b67d6b16e5499da65"
                            },
                            {
                                "file-name": "rh.BA2_exvivo.thresh.label",
                                "md5sum": "dfad873542413c431d3183bc4feb40c5"
                            },
                            {
                                "file-name": "rh.BA3a_exvivo.thresh.label",
                                "md5sum": "d648caac9ec8ae495a3439b84b6b07f1"
                            },
                            {
                                "file-name": "rh.BA3b_exvivo.thresh.label",
                                "md5sum": "990f19daaf6dd9fcf18d46cf70669f70"
                            },
                            {
                                "file-name": "rh.BA4a_exvivo.thresh.label",
                                "md5sum": "b0620967aa6742e8d1172338e4c281cf"
                            },
                            {
                                "file-name": "rh.BA4p_exvivo.thresh.label",
                                "md5sum": "8a35bc72ed9286a72658f65a4f853c71"
                            },
                            {
                                "file-name": "rh.BA6_exvivo.thresh.label",
                                "md5sum": "1374b84d4c0ffd99e83ad93620ab4428"
                            },
                            {
                                "file-name": "rh.BA44_exvivo.thresh.label",
                                "md5sum": "7d8b09254c9f32948114408ca99d9eff"
                            },
                            {
                                "file-name": "rh.BA45_exvivo.thresh.label",
                                "md5sum": "2869a900473c0645b23821fe223c147a"
                            },
                            {
                                "file-name": "rh.V1_exvivo.thresh.label",
                                "md5sum": "7f79b94ba2c7faf19a440799ca9cfcd6"
                            },
                            {
                                "file-name": "rh.V2_exvivo.thresh.label",
                                "md5sum": "56fe252f7857bc47eb8dd3a784bc67b5"
                            },
                            {
                                "file-name": "rh.MT_exvivo.thresh.label",
                                "md5sum": "5e84f17d7cc613bf015b5ecfaebfd570"
                            },
                            {
                                "file-name": "rh.entorhinal_exvivo.thresh.label",
                                "md5sum": "3447fc8d2e13c88a4ae2320ba86de45c"
                            },
                            {
                                "file-name": "rh.perirhinal_exvivo.thresh.label",
                                "md5sum": "0ee18a1ff81117c0c68aecf09dfd73e2"
                            },
                            {
                                "file-name": "rh.BA_exvivo.annot",
                                "md5sum": "8cf492fdcacec43f3b42b52ad9a2b9aa"
                            },
                            {
                                "file-name": "rh.BA_exvivo.thresh.annot",
                                "md5sum": "0d062ef469b39dde65d45ca7345cd9c8"
                            }
                        ]
                    },
                    {
                        "file-name": "touch",
                        "files": [
                            {
                                "file-name": "conform.touch",
                                "md5sum": "4393163f12f5b37c6cc689def3fba989"
                            },
                            {
                                "file-name": "talairach.touch",
                                "md5sum": "b81f486efc083dc9f5654744f1b3defc"
                            },
                            {
                                "file-name": "nu.touch",
                                "md5sum": "4a65ec7bcaa138ae5036853d1271a44a"
                            },
                            {
                                "file-name": "inorm1.touch",
                                "md5sum": "abc7831cf0431a603096efc9d74adac6"
                            },
                            {
                                "file-name": "skull.lta.touch",
                                "md5sum": "a6239144b250bd2e80084ec09d45d2a4"
                            },
                            {
                                "file-name": "skull_strip.touch",
                                "md5sum": "e8d0f65e2c1ee53241191fb11b5406cc"
                            },
                            {
                                "file-name": "em_register.touch",
                                "md5sum": "6d297290fcc2d257309a2a77f43baeb9"
                            },
                            {
                                "file-name": "ca_normalize.touch",
                                "md5sum": "b6f29e339f1017f03af933f51dead61f"
                            },
                            {
                                "file-name": "ca_register.touch",
                                "md5sum": "b6d4b790942f9488f48047eed4068ba2"
                            },
                            {
                                "file-name": "ca_label.touch",
                                "md5sum": "4d580f2876c9ab7fbbe4f7525bcc0efd"
                            },
                            {
                                "file-name": "asegmerge.touch",
                                "md5sum": "bbcca4705300ca1849ff4e55071aba92"
                            },
                            {
                                "file-name": "inorm2.touch",
                                "md5sum": "ef94094f38552de711f9b36b50afd694"
                            },
                            {
                                "file-name": "wmsegment.touch",
                                "md5sum": "9d5b43abe2bc3d3eb3be78fd7d562ff1"
                            },
                            {
                                "file-name": "fill.touch",
                                "md5sum": "0dfd681b3b9253245537317c2d66ad18"
                            },
                            {
                                "file-name": "lh.tessellate.touch",
                                "md5sum": "bf965e117dff279f90fc72949694f931"
                            },
                            {
                                "file-name": "rh.tessellate.touch",
                                "md5sum": "f57b379b4afe9531c213fd8444cd603b"
                            },
                            {
                                "file-name": "lh.smoothwm1.touch",
                                "md5sum": "b8ffed1ee22a504731c39ef3a33ba9aa"
                            },
                            {
                                "file-name": "rh.smoothwm1.touch",
                                "md5sum": "4f0c2c4f377aef49b38a78ed88bfa13a"
                            },
                            {
                                "file-name": "lh.inflate1.touch",
                                "md5sum": "f52dad9629924298ee69acc1c3a1c652"
                            },
                            {
                                "file-name": "rh.inflate1.touch",
                                "md5sum": "57cad7f49edee894fda38c94b520b5ca"
                            },
                            {
                                "file-name": "lh.qsphere.touch",
                                "md5sum": "545f7e3099965a1f78f5ac84ad92375d"
                            },
                            {
                                "file-name": "rh.qsphere.touch",
                                "md5sum": "2eacd6dfedc4af32d83f803a6f7acb88"
                            },
                            {
                                "file-name": "lh.topofix.touch",
                                "md5sum": "3edec4dc4f85b33909fd92f44e03be92"
                            },
                            {
                                "file-name": "rh.topofix.touch",
                                "md5sum": "b3e02688509265a5315e4391527f6404"
                            },
                            {
                                "file-name": "lh.autodet.gw.stats.touch",
                                "md5sum": "e973c2b32d8ec5c984861a7a934f1349"
                            },
                            {
                                "file-name": "rh.autodet.gw.stats.touch",
                                "md5sum": "bb5109cb17047ff1cd4c5582195f56da"
                            },
                            {
                                "file-name": "lh.white.preaparc.touch",
                                "md5sum": "5a3eee06632ec07bde4fd40d448b5c11"
                            },
                            {
                                "file-name": "rh.white.preaparc.touch",
                                "md5sum": "cdb42dddfc8933a6766c669cb3012130"
                            },
                            {
                                "file-name": "lh.cortex.touch",
                                "md5sum": "596c3c2459f0d877a3420a8f63e661df"
                            },
                            {
                                "file-name": "lh.cortex+hipamyg.touch",
                                "md5sum": "8f87e26eaf5bb255fc650de950173bbe"
                            },
                            {
                                "file-name": "rh.cortex.touch",
                                "md5sum": "cd7c2b6efc8849eae9c3684d486787fd"
                            },
                            {
                                "file-name": "rh.cortex+hipamyg.touch",
                                "md5sum": "3e78fd5d5a94c9f418878a1c0813b8ef"
                            },
                            {
                                "file-name": "lh.smoothwm2.touch",
                                "md5sum": "b068b15ecff4cb8238382e1a028ddb38"
                            },
                            {
                                "file-name": "rh.smoothwm2.touch",
                                "md5sum": "6ace3898d8a677554350470a8ef0d504"
                            },
                            {
                                "file-name": "lh.inflate2.touch",
                                "md5sum": "35d96c8fe434330e1b0f2f083712538b"
                            },
                            {
                                "file-name": "rh.inflate2.touch",
                                "md5sum": "9bcdf48f11d014659e703e6af199c2f7"
                            },
                            {
                                "file-name": "lh.white.H.K.touch",
                                "md5sum": "c0278016cfb80d723b48390d41eda54d"
                            },
                            {
                                "file-name": "lh.inflate.H.K.touch",
                                "md5sum": "8041f4bdc7f2dce2ab252147727517b8"
                            },
                            {
                                "file-name": "rh.white.H.K.touch",
                                "md5sum": "ee57c1b9862251ca3af97cb22df65c00"
                            },
                            {
                                "file-name": "rh.inflate.H.K.touch",
                                "md5sum": "cb48285f1fbc58f331b64f01e42c3da8"
                            },
                            {
                                "file-name": "lh.sphmorph.touch",
                                "md5sum": "161d0e2d1502bc594334528d9ac5a106"
                            },
                            {
                                "file-name": "rh.sphmorph.touch",
                                "md5sum": "8f99840e77c14780b44d5c86450c0bcc"
                            },
                            {
                                "file-name": "lh.sphreg.touch",
                                "md5sum": "cf992a00af917939ee57352e305e35db"
                            },
                            {
                                "file-name": "rh.sphreg.touch",
                                "md5sum": "d6dfa83dd8a8eb65011d3776b0c5656d"
                            },
                            {
                                "file-name": "lh.jacobian_white.touch",
                                "md5sum": "bbbdb2678bfbad9f1a9956fd37c30342"
                            },
                            {
                                "file-name": "rh.jacobian_white.touch",
                                "md5sum": "a82f023bb20369b96d502fad8419ecfb"
                            },
                            {
                                "file-name": "lh.avgcurv.touch",
                                "md5sum": "a68983b8d25139520021d1ed50d793ea"
                            },
                            {
                                "file-name": "rh.avgcurv.touch",
                                "md5sum": "6d0656bdb000227772f4d8288a90dffb"
                            },
                            {
                                "file-name": "lh.aparc.touch",
                                "md5sum": "fe2ce9453cfbeb4407d43a145b032e1f"
                            },
                            {
                                "file-name": "rh.aparc.touch",
                                "md5sum": "bc3528aa3010821611062e65ed2eaf9c"
                            },
                            {
                                "file-name": "lh.white.touch",
                                "md5sum": "87296d420b45b71a096337fd940d5bc2"
                            },
                            {
                                "file-name": "rh.white.touch",
                                "md5sum": "4b1705d5bcb2017c41e64aecf1396d7a"
                            },
                            {
                                "file-name": "lh.curvstats.touch",
                                "md5sum": "cf738afd5469364aeffaadfe8253480d"
                            },
                            {
                                "file-name": "rh.curvstats.touch",
                                "md5sum": "50179ff459866eee605158ceceadaae6"
                            },
                            {
                                "file-name": "cortical_ribbon.touch",
                                "md5sum": "7ae807b2c9bf4709e75601f4c64243b0"
                            },
                            {
                                "file-name": "lh.aparc2.touch",
                                "md5sum": "842e07d93c5956e9afc91b4806358ee5"
                            },
                            {
                                "file-name": "rh.aparc2.touch",
                                "md5sum": "2ed71416b3db64f872e8a84eb5669f11"
                            },
                            {
                                "file-name": "lh.pctsurfcon.touch",
                                "md5sum": "6b41076ab72838cf75415b1f16f72c98"
                            },
                            {
                                "file-name": "rh.pctsurfcon.touch",
                                "md5sum": "f71d3b4105e37b6ac14ed9e460026aeb"
                            },
                            {
                                "file-name": "relabelhypos.touch",
                                "md5sum": "505c3d4493b7e2139f92bc5e6d7e02d2"
                            },
                            {
                                "file-name": "apas2aseg.touch",
                                "md5sum": "629b5ce3aa9ea0af474f2289d243d9f6"
                            },
                            {
                                "file-name": "wmaparc.stats.touch",
                                "md5sum": "6aa8fe8b9c52e9dcf2b68879dc98491c"
                            },
                            {
                                "file-name": "lh.aparcstats.touch",
                                "md5sum": "b9df91d70b1f415d25917810f637b332"
                            },
                            {
                                "file-name": "rh.aparcstats.touch",
                                "md5sum": "44153a503909996868bebdbee001a55a"
                            },
                            {
                                "file-name": "lh.aparcstats2.touch",
                                "md5sum": "3109d8713620a427e435f90d4d11d475"
                            },
                            {
                                "file-name": "rh.aparcstats2.touch",
                                "md5sum": "4215ba296a11a9dbb822dd464f16d2f5"
                            },
                            {
                                "file-name": "lh.aparcstats3.touch",
                                "md5sum": "1a5cf3db629d7f5cf993ed7a57434d64"
                            },
                            {
                                "file-name": "rh.aparcstats3.touch",
                                "md5sum": "46bb2794f4b3e3dd74a7cf05b5ab5248"
                            },
                            {
                                "file-name": "segstats.touch",
                                "md5sum": "25631ba6a6a2a2f52e72f17d9ac0d046"
                            }
                        ]
                    },
                    {
                        "file-name": "stats",
                        "files": [
                            {
                                "file-name": "lh.curv.stats",
                                "md5sum": "1f5030cded9b31cca5e597f5a36e1a21"
                            },
                            {
                                "file-name": "rh.curv.stats",
                                "md5sum": "642e1c2849c03a90a2f6f65f74ed03ce"
                            },
                            {
                                "file-name": "lh.w-g.pct.stats",
                                "md5sum": "b4559a3fcad83c0906d102caaa4cceec"
                            },
                            {
                                "file-name": "rh.w-g.pct.stats",
                                "md5sum": "afe96d2555db3c4eb53966499c9a0f5d"
                            },
                            {
                                "file-name": "brainvol.stats",
                                "md5sum": "eaefe6eaa9b5064d33857dcc1204b7a7"
                            },
                            {
                                "file-name": "wmparc.stats",
                                "md5sum": "c9be63c33d01f93651f056422d222f5d"
                            },
                            {
                                "file-name": "lh.aparc.stats",
                                "md5sum": "e5273aecea1d4fda825796970e4a732f"
                            },
                            {
                                "file-name": "lh.aparc.pial.stats",
                                "md5sum": "25cb1a796fd480be83a9da4731ccb552"
                            },
                            {
                                "file-name": "rh.aparc.stats",
                                "md5sum": "66dae1e413a55071edc122caa373eab1"
                            },
                            {
                                "file-name": "rh.aparc.pial.stats",
                                "md5sum": "684f0fa290fff2fba67b68b4e38010b8"
                            },
                            {
                                "file-name": "lh.aparc.a2009s.stats",
                                "md5sum": "8ab608f73dded4d820e195aaf02a4e99"
                            },
                            {
                                "file-name": "rh.aparc.a2009s.stats",
                                "md5sum": "9f2943f41a9a956076fff85f599ebe9b"
                            },
                            {
                                "file-name": "lh.aparc.DKTatlas.stats",
                                "md5sum": "3f5599cb0ae4e9f7c61e702ecd61148d"
                            },
                            {
                                "file-name": "rh.aparc.DKTatlas.stats",
                                "md5sum": "574f7cd33b5ba7683e5746444806273a"
                            },
                            {
                                "file-name": "aseg.stats",
                                "md5sum": "5298cc6044cd69553a2b0a07657cd1de"
                            },
                            {
                                "file-name": "lh.BA_exvivo.stats",
                                "md5sum": "f223d7dcc8574fd4191ee9edbdee38b6"
                            },
                            {
                                "file-name": "lh.BA_exvivo.thresh.stats",
                                "md5sum": "93fc9f6244839de1f076500168eb97da"
                            },
                            {
                                "file-name": "rh.BA_exvivo.stats",
                                "md5sum": "e214be2f3297c60db75bc215ed6d276b"
                            },
                            {
                                "file-name": "rh.BA_exvivo.thresh.stats",
                                "md5sum": "593b90b1b534374e33ce804563464a7f"
                            }
                        ]
                    },
                    {
                        "file-name": "trash",
                        "files": []
                    }
                ]
            }
        }
    },
    "additional-information": null
}