{
    "summary": {
        "name": "fsl_bet",
        "descriptor-doi": "10.5281/zenodo.1482743",
        "date-time": "2021-02-13_13h40m47s263142ms"
    },
    "public-invocation": {
        "infile": {
            "file-name": "inner_binarymask.L_levelset.nii.gz",
            "md5sum": "f9ca972d941348412932d60d71bdd69f"
        },
        "maskfile": "/home/mandana/CONP/pipelines/oneVoxel/fslbet/mask-0"
    },
    "public-output": {
        "stdout": null,
        "stderr": null,
        "exit-code": 0,
        "error-message": "",
        "shell-command": "bet /home/mandana/CONP/conp-dataset/projects/Khanlab/BigBrainHippoUnfold/BIDSscripts/nighres/inner_binarymask.L_levelset.nii.gz /home/mandana/CONP/pipelines/oneVoxel/fslbet/mask-0",
        "missing-files": {},
        "output-files": {}
    },
    "additional-information": null
}