{
    "summary": {
        "name": "FreeSurfer-Recon-all",
        "descriptor-doi": "10.5281/zenodo.4043546",
        "date-time": "2021-02-05_10h38m39s308153ms"
    },
    "public-invocation": {
        "license": {
            "file-name": "license.txt",
            "md5sum": "f606798c4c204e59ee84e220a6d26426"
        },
        "subjid": "032633",
        "input": {
            "file-name": "sub-032633_ses-020_run-1_FLAIR.nii.gz",
            "not_found": true
        },
        "directives": "-all"
    },
    "public-output": {
        "stdout": "",
        "stderr": "/home/mandana/CONP/temp-956762750054-1612539518710.localExec.boshjob.sh: line 2: recon-all: command not found\n",
        "exit-code": 127,
        "error-message": "",
        "shell-command": "export SUBJECTS_DIR=`pwd`; export FS_LICENSE=`pwd`/license.txt; recon-all -subjid 032633 -i conp-dataset/projects/SIMON-dataset/data_BIDS/sub-032633/ses-020/anat/sub-032633_ses-020_run-1_FLAIR.nii.gz -all",
        "missing-files": {
            "subjid_output": "032633"
        },
        "output-files": {}
    },
    "additional-information": null
}