{
    "summary": {
        "name": "FslBet601",
        "descriptor-doi": "10.5281/zenodo.3267250",
        "date-time": "2021-02-16_12h00m12s417697ms"
    },
    "public-invocation": {
        "infile": {
            "file-name": "preventad_1000173_NAPBL00_t1w_001_t1w-defaced_001.mnc",
            "md5sum": "2d6638026395ba3668de5fcdc91883eb"
        },
        "maskfile": "INDEX_mask"
    },
    "public-output": {
        "stdout": null,
        "stderr": null,
        "exit-code": 0,
        "error-message": "",
        "shell-command": "bet /home/mandana/CONP/conp-dataset/projects/preventad-open/1000173/NAPBL00/images/preventad_1000173_NAPBL00_t1w_001_t1w-defaced_001.mnc INDEX_mask",
        "missing-files": {},
        "output-files": {}
    },
    "additional-information": null
}