{
    "summary": {
        "name": "oneVoxel",
        "descriptor-doi": "10.5281/zenodo.3308620",
        "date-time": "2021-02-22_09h50m37s044115ms"
    },
    "public-invocation": {
        "image_file": {
            "file-name": "full_cls_100um_2009b_sym.nii.gz",
            "md5sum": "71799c4796e74d56feba5009ac4a238c"
        },
        "mask_file": {
            "file-name": "mask-3.nii.gz",
            "not_found": true
        },
        "output_directory": {
            "file-name": "",
            "files": [
                {
                    "file-name": "inner_binarymask_1vox-3d192916.json",
                    "md5sum": "7e4f4ecdbc23e022208ca70c828cb537"
                },
                {
                    "file-name": "inner_binarymask_1vox-3d192916.nii.gz",
                    "md5sum": "f0bcab9eaf9dbb33ea869d7d7e129a1f"
                },
                {
                    "file-name": "inner_binarymask_1vox-16b1826e.json",
                    "md5sum": "f5f2575ede7f30a2fcf259cd16e90090"
                },
                {
                    "file-name": "inner_binarymask_1vox-16b1826e.nii.gz",
                    "md5sum": "abf3de133cb0e5bb974b9540c7d0e7b3"
                },
                {
                    "file-name": "inner_binarymask_1vox-1750109a.json",
                    "md5sum": "861887ff2b91a8497f5d25772ed1946d"
                },
                {
                    "file-name": "inner_binarymask_1vox-1750109a.nii.gz",
                    "md5sum": "ee8649a3fdb55546cc9706916740f0d2"
                },
                {
                    "file-name": "BigBrain-to-ICBM2009sym-nonlin-1mm_1vox-3b205228.json",
                    "md5sum": "a5c47cb6371f22141cfc472a5ecb65ff"
                },
                {
                    "file-name": "BigBrain-to-ICBM2009sym-nonlin-1mm_1vox-3b205228.nii.gz",
                    "md5sum": "d2966210521b1c450dcb51a2d454d8c0"
                },
                {
                    "file-name": "sub-HCPUR100_t1w_1vox-3fac1e1c.json",
                    "md5sum": "bc2b13a0836d61c2fe863c00449d4e53"
                },
                {
                    "file-name": "sub-HCPUR100_t1w_1vox-3fac1e1c.nii.gz",
                    "md5sum": "2f880729da9a16e0c41e644753e9d23c"
                }
            ]
        }
    },
    "public-output": {
        "stdout": null,
        "stderr": null,
        "exit-code": 1,
        "error-message": "",
        "shell-command": "onevox /home/mandana/CONP/conp-dataset/projects/BigBrain_3DClassifiedVolumes/MNI-ICBM152_Space/nii/full_cls_100um_2009b_sym.nii.gz /home/mandana/CONP/pipelines/oneVoxel/output/ --mask_file /home/mandana/CONP/pipelines/oneVoxel/fslbet/masks/mask-3.nii.gz --intensity 0.01 --erode 3 --repeat 1 --mode single",
        "missing-files": {},
        "output-files": {
            "noisy_image": {
                "file-name": "inner_binarymask_1vox-3d192916.nii.gz",
                "md5sum": "f0bcab9eaf9dbb33ea869d7d7e129a1f"
            },
            "noise_summary": {
                "file-name": "inner_binarymask_1vox-3d192916.json",
                "md5sum": "7e4f4ecdbc23e022208ca70c828cb537"
            }
        }
    },
    "additional-information": null
}