{
    "summary": {
        "name": "BIDS App - ndmg",
        "descriptor-doi": "10.5281/zenodo.4457865",
        "date-time": "2021-02-04_21h43m25s338742ms"
    },
    "public-invocation": {
        "bids_dir": {
            "file-name": "",
            "files": [
                {
                    "file-name": "dataset_description.json",
                    "md5sum": "d0e86d0d911d9cae0c45c882bedc1229"
                },
                {
                    "file-name": "sub-032633",
                    "files": [
                        {
                            "file-name": "ses-010",
                            "files": [
                                {
                                    "file-name": "anat",
                                    "files": [
                                        {
                                            "file-name": "sub-032633_ses-010_run-1_PD.json",
                                            "md5sum": "7fe6a545abd12648e77139e956d6e6ff"
                                        },
                                        {
                                            "file-name": "sub-032633_ses-010_run-1_PD.nii.gz",
                                            "md5sum": "dd80f5b58615c4cfedf6c67f7a3ec397"
                                        },
                                        {
                                            "file-name": "sub-032633_ses-010_run-1_T1w.json",
                                            "md5sum": "5335ec3cd821b7bc77a5746e0048f800"
                                        },
                                        {
                                            "file-name": "sub-032633_ses-010_run-1_T1w.nii.gz",
                                            "md5sum": "477232e03babac76361b92e5fc760c7b"
                                        },
                                        {
                                            "file-name": "sub-032633_ses-010_run-1_T2w.json",
                                            "md5sum": "869e5924b0153b71c0c412ee9298c5b7"
                                        },
                                        {
                                            "file-name": "sub-032633_ses-010_run-1_T2w.nii.gz",
                                            "md5sum": "3f386608e2b1e18c65fe517372299652"
                                        }
                                    ]
                                }
                            ]
                        }
                    ]
                }
            ]
        },
        "output_dir": {
            "file-name": "",
            "files": [
                {
                    "file-name": "invocation.json",
                    "md5sum": "e039c125554f1a22af4c47ae3384d380"
                },
                {
                    "file-name": "tmp",
                    "files": []
                }
            ]
        },
        "analysis_level": "participant"
    },
    "public-output": {
        "stdout": null,
        "stderr": null,
        "exit-code": 1,
        "error-message": "",
        "shell-command": "ndmg_bids /home/mandana/CONP/conp-dataset/projects/SIMON-dataset/data_BIDS/ /home/mandana/CONP/BIDS-APP-ndmg/ participant",
        "missing-files": {},
        "output-files": {
            "output_directory": {
                "file-name": "",
                "files": [
                    {
                        "file-name": "invocation.json",
                        "md5sum": "e039c125554f1a22af4c47ae3384d380"
                    },
                    {
                        "file-name": "tmp",
                        "files": []
                    }
                ]
            }
        }
    },
    "additional-information": null
}