{
    "summary": {
        "name": "FreeSurferPipelineBatch-CentOS7",
        "descriptor-doi": "10.5281/zenodo.1450997",
        "date-time": "2021-02-02_20h13m31s869525ms"
    },
    "public-invocation": {
        "subject_folder": {
            "file-name": "sub-06_space-MNI152NLin2009cAsym_desc-grey_mask.nii.gz",
            "md5sum": "ff4867c067b8151e2d651ee08eccba91"
        },
        "execution_name": "/home/mandana/CONP/FreeSurferPipelineBatch-CentOS7_1450997/Exec-CentOS7-FreeSurferbuild-CentOS4",
        "freesurfer_license": {
            "file-name": "license.txt",
            "not_found": true
        }
    },
    "public-output": {
        "stdout": null,
        "stderr": null,
        "exit-code": 1,
        "error-message": "",
        "shell-command": "freesurfer-command-line-script.sh conp-dataset/projects/Learning_Naturalistic_Structure__Processed_fMRI_dataset/sub-06_space-MNI152NLin2009cAsym_desc-grey_mask.nii.gz /home/mandana/CONP/FreeSurferPipelineBatch-CentOS7_1450997/Exec-CentOS7-FreeSurferbuild-CentOS4 license.txt",
        "missing-files": {
            "results": "conp-dataset/projects/Learning_Naturalistic_Structure__Processed_fMRI_dataset/sub-06_space-MNI152NLin2009cAsym_desc-grey_mask.nii.gz-/home/mandana/CONP/FreeSurferPipelineBatch-CentOS7_1450997/Exec-CentOS7-FreeSurferbuild-CentOS4"
        },
        "output-files": {}
    },
    "additional-information": null
}