{
    "summary": {
        "name": "oneVoxel",
        "descriptor-doi": "10.5281/zenodo.3308620",
        "date-time": "2021-02-13_17h39m01s843693ms"
    },
    "public-invocation": {
        "image_file": {
            "file-name": "sub-10_T1w.nii.gz",
            "md5sum": "ea80cfc8ce43714669fbc201eaea159e"
        },
        "mask_file": {
            "file-name": "mask-6.nii.gz",
            "md5sum": "aea782e23c916af8bec09630011a0e47"
        },
        "output_directory": {
            "file-name": "",
            "not_found": true
        }
    },
    "public-output": {
        "stdout": null,
        "stderr": null,
        "exit-code": 1,
        "error-message": "",
        "shell-command": "onevox /home/mandana/CONP/conp-dataset/projects/visual-working-memory/sub-10/anat/sub-10_T1w.nii.gz /home/mandana/CONP/oneVoxel/output/ --mask_file /home/mandana/CONP/pipelines/oneVoxel/fslbet/masks/mask-6.nii.gz --intensity 0.01 --erode 3 --repeat 1 --mode single",
        "missing-files": {},
        "output-files": {}
    },
    "additional-information": null
}