{
    "summary": {
        "name": "fsl_fast",
        "descriptor-doi": "10.5281/zenodo.1494308",
        "date-time": "2020-12-18_09h40m11s625548ms"
    },
    "public-invocation": {
        "output_basename": "fsl-fast-output_basename",
        "in_files": {
            "file-name": "sub-032633_ses-020_run-1_T1w.nii.gz",
            "not_found": true
        }
    },
    "public-output": {
        "stdout": null,
        "stderr": null,
        "exit-code": 1,
        "error-message": "",
        "shell-command": "fast -o fsl-fast-output_basename '~/CONP/conp-dataset/projects/SIMON-dataset/data_BIDS/sub-032633/ses-020/anat/sub-032633_ses-020_run-1_T1w.nii.gz'; mkdir fsl-fast-output_basename; mv fsl-fast-output_basename_* fsl-fast-output_basename",
        "missing-files": {},
        "output-files": {
            "output_dir": {
                "file-name": "fsl-fast-output_basename",
                "files": []
            }
        }
    },
    "additional-information": null
}