{
    "summary": {
        "name": "FLIRT",
        "descriptor-doi": "10.5281/zenodo.2597643",
        "date-time": "2021-02-12_10h24m18s654069ms"
    },
    "public-invocation": {
        "in_file": {
            "file-name": "sub-06_space-MNI152NLin2009cAsym_desc-grey_mask.nii.gz",
            "md5sum": "ff4867c067b8151e2d651ee08eccba91"
        },
        "reference": {
            "file-name": "sub-06_space-MNI152NLin2009cAsym_desc-grey_mask.nii.gz",
            "md5sum": "ff4867c067b8151e2d651ee08eccba91"
        }
    },
    "public-output": {
        "stdout": null,
        "stderr": null,
        "exit-code": 0,
        "error-message": "",
        "shell-command": "flirt -in /home/mandana/CONP/conp-dataset/projects/Learning_Naturalistic_Structure__Processed_fMRI_dataset/sub-06_space-MNI152NLin2009cAsym_desc-grey_mask.nii.gz -ref /home/mandana/CONP/conp-dataset/projects/Learning_Naturalistic_Structure__Processed_fMRI_dataset/sub-06_space-MNI152NLin2009cAsym_desc-grey_mask.nii.gz -out /home/mandana/CONP/conp-dataset/projects/Learning_Naturalistic_Structure__Processed_fMRI_dataset/sub-06_space-MNI152NLin2009cAsym_desc-grey_mask_flirt -omat /home/mandana/CONP/conp-dataset/projects/Learning_Naturalistic_Structure__Processed_fMRI_dataset/sub-06_space-MNI152NLin2009cAsym_desc-grey_mask_flirt.mat",
        "missing-files": {},
        "output-files": {
            "out_matrix_file": {
                "file-name": "sub-06_space-MNI152NLin2009cAsym_desc-grey_mask_flirt.mat",
                "md5sum": "91b34223624fdefcdbafdb1750a32074"
            }
        }
    },
    "additional-information": null
}