{
    "summary": {
        "name": "fsl_bet",
        "descriptor-doi": "10.5281/zenodo.1482743",
        "date-time": "2021-02-13_12h34m06s356495ms"
    },
    "public-invocation": {
        "infile": {
            "file-name": "preventad_1000173_NAPBL00_task-retrieval-bold_001.mnc",
            "md5sum": "30525d9e5354cf0460e73efd3606ac85"
        },
        "maskfile": "/home/mandana/CONP/pipelines/oneVoxel/fslbet/masks/mask-6.nii.gz"
    },
    "public-output": {
        "stdout": null,
        "stderr": null,
        "exit-code": 0,
        "error-message": "",
        "shell-command": "bet /home/mandana/CONP/conp-dataset/projects/preventad-open/1000173/NAPBL00/images/preventad_1000173_NAPBL00_task-retrieval-bold_001.mnc /home/mandana/CONP/pipelines/oneVoxel/fslbet/masks/mask-6.nii.gz",
        "missing-files": {},
        "output-files": {}
    },
    "additional-information": null
}