{
    "summary": {
        "name": "BIDS App - ndmg",
        "descriptor-doi": "10.5281/zenodo.4457865",
        "date-time": "2021-04-08_11h18m16s897364ms"
    },
    "public-invocation": {
        "bids_dir": {
            "file-name": "data_BIDS",
            "files": [
                {
                    "file-name": "dataset_description.json",
                    "md5sum": "d0e86d0d911d9cae0c45c882bedc1229"
                },
                {
                    "file-name": "sub-032633",
                    "files": [
                        {
                            "file-name": "ses-010",
                            "files": [
                                {
                                    "file-name": "anat",
                                    "files": [
                                        {
                                            "file-name": "sub-032633_ses-010_run-1_PD.json",
                                            "md5sum": "7fe6a545abd12648e77139e956d6e6ff"
                                        },
                                        {
                                            "file-name": "sub-032633_ses-010_run-1_PD.nii.gz",
                                            "md5sum": "dd80f5b58615c4cfedf6c67f7a3ec397"
                                        },
                                        {
                                            "file-name": "sub-032633_ses-010_run-1_T1w.json",
                                            "md5sum": "5335ec3cd821b7bc77a5746e0048f800"
                                        },
                                        {
                                            "file-name": "sub-032633_ses-010_run-1_T1w.nii.gz",
                                            "md5sum": "477232e03babac76361b92e5fc760c7b"
                                        },
                                        {
                                            "file-name": "sub-032633_ses-010_run-1_T2w.json",
                                            "md5sum": "869e5924b0153b71c0c412ee9298c5b7"
                                        },
                                        {
                                            "file-name": "sub-032633_ses-010_run-1_T2w.nii.gz",
                                            "md5sum": "3f386608e2b1e18c65fe517372299652"
                                        }
                                    ]
                                }
                            ]
                        },
                        {
                            "file-name": "ses-020",
                            "files": [
                                {
                                    "file-name": "anat",
                                    "files": [
                                        {
                                            "file-name": "sub-032633_ses-020_run-1_FLAIR",
                                            "files": []
                                        }
                                    ]
                                }
                            ]
                        },
                        {
                            "file-name": "ses-005",
                            "files": [
                                {
                                    "file-name": "anat",
                                    "files": [
                                        {
                                            "file-name": "sub-032633_ses-005_run-1_T1w.json",
                                            "md5sum": "1b1376b0cc6765f02d12cdaa37213b4e"
                                        },
                                        {
                                            "file-name": "sub-032633_ses-005_run-1_T1w.nii.gz",
                                            "md5sum": "6c0088105c76936091fc57efc7ab05cc"
                                        }
                                    ]
                                },
                                {
                                    "file-name": "dwi",
                                    "files": [
                                        {
                                            "file-name": "sub-032633_ses-005_run-1_dwi.bval",
                                            "md5sum": "2276896ed44ac74911f55fc9071f49d1"
                                        },
                                        {
                                            "file-name": "sub-032633_ses-005_run-1_dwi.bvec",
                                            "md5sum": "18d2d400cc9f176c1ee77ef926e70fec"
                                        },
                                        {
                                            "file-name": "sub-032633_ses-005_run-1_dwi.json",
                                            "md5sum": "4b9b41b867ffe36149b9a43043c9d571"
                                        },
                                        {
                                            "file-name": "sub-032633_ses-005_run-1_dwi.nii.gz",
                                            "md5sum": "6a2f0faf3d33cc9123ae8d2c64601ad0"
                                        },
                                        {
                                            "file-name": "sub-032633_ses-005_run-1_dwi_b0_0.nii.gz",
                                            "md5sum": "5dbce743b6c0c493be20ef053fdea9d9"
                                        }
                                    ]
                                },
                                {
                                    "file-name": "func",
                                    "files": [
                                        {
                                            "file-name": "sub-032633_ses-005_task-rest_run-1_bold.json",
                                            "md5sum": "80b0618fd181e9333b0f9dca260ccf22"
                                        },
                                        {
                                            "file-name": "sub-032633_ses-005_task-rest_run-1_bold.nii.gz",
                                            "md5sum": "22fa83f7c1aad9b0065d8e30818f24b1"
                                        }
                                    ]
                                }
                            ]
                        }
                    ]
                },
                {
                    "file-name": "derivatives",
                    "files": [
                        {
                            "file-name": "tmp",
                            "files": []
                        }
                    ]
                }
            ]
        },
        "output_dir": {
            "file-name": "derivatives",
            "files": [
                {
                    "file-name": "tmp",
                    "files": []
                }
            ]
        },
        "analysis_level": "participant",
        "session_label": [
            "005"
        ]
    },
    "public-output": {
        "stdout": null,
        "stderr": null,
        "exit-code": 1,
        "error-message": "",
        "shell-command": "ndmg_bids /home/mandana/CONP/conp-dataset/projects/SIMON-dataset/data_BIDS /home/mandana/CONP/conp-dataset/projects/SIMON-dataset/data_BIDS/derivatives participant --session_label 005",
        "missing-files": {},
        "output-files": {
            "output_directory": {
                "file-name": "derivatives",
                "files": [
                    {
                        "file-name": "tmp",
                        "files": [
                            {
                                "file-name": "sub-032633_ses-005_run-1_dwi_1.bvec",
                                "md5sum": "4b9f41be52cf5653864754fac45a823e"
                            },
                            {
                                "file-name": "sub-032633_ses-005_run-1_dwi_t1.nii.gz",
                                "md5sum": "b7fa9497640b92ae52ea6cedc9419f16"
                            },
                            {
                                "file-name": "sub-032633_ses-005_run-1_dwi_t1_ta_fast_wmseg.nii.gz",
                                "md5sum": "411b32aa93d0a2f3916b4086e1b42337"
                            },
                            {
                                "file-name": "sub-032633_ses-005_run-1_dwi_t1_ta_init.mat",
                                "md5sum": "9a8860d356a878bce3ee49c35e2f6561"
                            },
                            {
                                "file-name": "sub-032633_ses-005_run-1_dwi_t1_ta.nii.gz",
                                "md5sum": "48f0cdbff418c7d4a1c257a81809cd24"
                            },
                            {
                                "file-name": "sub-032633_ses-005_run-1_dwi_t1_ta2.nii.gz",
                                "md5sum": "61aaff401d61dc65ef6cc704c3448b41"
                            },
                            {
                                "file-name": "sub-032633_ses-005_run-1_T1w_ss_mask.nii.gz",
                                "md5sum": "2db3333be554740b2b8e3f20dcc847ce"
                            },
                            {
                                "file-name": "sub-032633_ses-005_run-1_dwi_t1_t2.ecclog",
                                "md5sum": "b4c941e87165aca4d890c37d3482aeec"
                            },
                            {
                                "file-name": "sub-032633_ses-005_run-1_dwi_t1_t2.nii.gz",
                                "md5sum": "fa18088c6bbc2e0d6690fc48d6593248"
                            },
                            {
                                "file-name": "sub-032633_ses-005_run-1_dwi_t1_b0.nii.gz",
                                "md5sum": "88acd63a71bb9a93d887ae00413832c8"
                            },
                            {
                                "file-name": "sub-032633_ses-005_run-1_dwi_t1_ta_fast_wmedge.nii.gz",
                                "md5sum": "1f5013a635c5a4804dc54e61f620c28e"
                            },
                            {
                                "file-name": "sub-032633_ses-005_run-1_dwi_t1_ta.mat",
                                "md5sum": "c5bff54896554738b20d847c49116891"
                            },
                            {
                                "file-name": "sub-032633_ses-005_run-1_T1w_MNI152_T1_1mm_xfm.mat",
                                "md5sum": "21f8d5031137e9057a5e0b3ee36f84c0"
                            },
                            {
                                "file-name": "sub-032633_ses-005_run-1_T1w_ss.nii.gz",
                                "md5sum": "93cd4dace8b742a7ef707a70f6a1a90d"
                            }
                        ]
                    },
                    {
                        "file-name": "reg",
                        "files": [
                            {
                                "file-name": "dwi",
                                "files": []
                            }
                        ]
                    },
                    {
                        "file-name": "tensors",
                        "files": []
                    },
                    {
                        "file-name": "fibers",
                        "files": []
                    },
                    {
                        "file-name": "graphs",
                        "files": [
                            {
                                "file-name": "AAL",
                                "files": []
                            },
                            {
                                "file-name": "desikan",
                                "files": []
                            },
                            {
                                "file-name": "Desikan2012",
                                "files": []
                            },
                            {
                                "file-name": "HarvardOxford",
                                "files": []
                            },
                            {
                                "file-name": "CPAC200",
                                "files": []
                            },
                            {
                                "file-name": "Talairach",
                                "files": []
                            },
                            {
                                "file-name": "JHU",
                                "files": []
                            },
                            {
                                "file-name": "slab907",
                                "files": []
                            },
                            {
                                "file-name": "slab1068",
                                "files": []
                            },
                            {
                                "file-name": "DS00071",
                                "files": []
                            },
                            {
                                "file-name": "DS00096",
                                "files": []
                            },
                            {
                                "file-name": "DS00108",
                                "files": []
                            },
                            {
                                "file-name": "DS00140",
                                "files": []
                            },
                            {
                                "file-name": "DS00195",
                                "files": []
                            },
                            {
                                "file-name": "DS00278",
                                "files": []
                            },
                            {
                                "file-name": "DS00350",
                                "files": []
                            },
                            {
                                "file-name": "DS00446",
                                "files": []
                            },
                            {
                                "file-name": "DS00583",
                                "files": []
                            },
                            {
                                "file-name": "DS00833",
                                "files": []
                            },
                            {
                                "file-name": "DS01216",
                                "files": []
                            },
                            {
                                "file-name": "DS01876",
                                "files": []
                            },
                            {
                                "file-name": "DS03231",
                                "files": []
                            },
                            {
                                "file-name": "DS06481",
                                "files": []
                            },
                            {
                                "file-name": "DS16784",
                                "files": []
                            },
                            {
                                "file-name": "DS72784",
                                "files": []
                            }
                        ]
                    },
                    {
                        "file-name": "qa",
                        "files": [
                            {
                                "file-name": "tensors",
                                "files": []
                            },
                            {
                                "file-name": "fibers",
                                "files": []
                            },
                            {
                                "file-name": "reg",
                                "files": [
                                    {
                                        "file-name": "dwi",
                                        "files": []
                                    }
                                ]
                            }
                        ]
                    }
                ]
            }
        }
    },
    "additional-information": null
}