{
    "summary": {
        "name": "PreFreeSurferPipelineBatch",
        "descriptor-doi": "10.5281/zenodo.1450995",
        "date-time": "2021-03-08_12h14m10s323270ms"
    },
    "public-invocation": {
        "subject_folder": {
            "file-name": "",
            "files": [
                {
                    "file-name": ".xdlm",
                    "files": [
                        {
                            "file-name": "101309_3T_Structural_unproc.json",
                            "md5sum": "a5d423148cb61bd4874ab261b02b0530"
                        }
                    ]
                },
                {
                    "file-name": "unprocessed",
                    "files": [
                        {
                            "file-name": "3T",
                            "files": [
                                {
                                    "file-name": "T1w_MPR1",
                                    "files": [
                                        {
                                            "file-name": "101309_3T_AFI.nii.gz",
                                            "md5sum": "ea476a24dffa576e7ee81f96bcea7425"
                                        },
                                        {
                                            "file-name": "101309_3T_BIAS_32CH.nii.gz",
                                            "md5sum": "ee0f21c9cc7f72193934aa77385024a3"
                                        },
                                        {
                                            "file-name": "101309_3T_BIAS_BC.nii.gz",
                                            "md5sum": "2a9cce844c134f879e96750c7a9f68e1"
                                        },
                                        {
                                            "file-name": "101309_3T_FieldMap_Magnitude.nii.gz",
                                            "md5sum": "155ea59412713aa80a69872b6dfa6c3f"
                                        },
                                        {
                                            "file-name": "101309_3T_FieldMap_Phase.nii.gz",
                                            "md5sum": "3e23e2ec2c8b73b327efc4c41442aef0"
                                        },
                                        {
                                            "file-name": "101309_3T_T1w_MPR1.nii.gz",
                                            "md5sum": "92df5edc565c7910d505cfe59a6d195a"
                                        }
                                    ]
                                },
                                {
                                    "file-name": "T2w_SPC1",
                                    "files": [
                                        {
                                            "file-name": "101309_3T_AFI.nii.gz",
                                            "md5sum": "ea476a24dffa576e7ee81f96bcea7425"
                                        },
                                        {
                                            "file-name": "101309_3T_BIAS_32CH.nii.gz",
                                            "md5sum": "ee0f21c9cc7f72193934aa77385024a3"
                                        },
                                        {
                                            "file-name": "101309_3T_BIAS_BC.nii.gz",
                                            "md5sum": "2a9cce844c134f879e96750c7a9f68e1"
                                        },
                                        {
                                            "file-name": "101309_3T_FieldMap_Magnitude.nii.gz",
                                            "md5sum": "155ea59412713aa80a69872b6dfa6c3f"
                                        },
                                        {
                                            "file-name": "101309_3T_FieldMap_Phase.nii.gz",
                                            "md5sum": "3e23e2ec2c8b73b327efc4c41442aef0"
                                        },
                                        {
                                            "file-name": "101309_3T_T2w_SPC1.nii.gz",
                                            "md5sum": "8e94cb6e51b0183fbfef0e4e3cf7b4b4"
                                        }
                                    ]
                                },
                                {
                                    "file-name": "101309_3T.csv",
                                    "md5sum": "81935e9012d68bacd917875f09b911be"
                                }
                            ]
                        }
                    ]
                },
                {
                    "file-name": "release-notes",
                    "files": [
                        {
                            "file-name": "Structural_unproc.txt",
                            "md5sum": "435724df9bedb984be8f9e5b80346bbc"
                        }
                    ]
                }
            ]
        },
        "execution_name": "101309"
    },
    "public-output": {
        "stdout": null,
        "stderr": null,
        "exit-code": 1,
        "error-message": "",
        "shell-command": "command-line-script.sh /home/mandana/CONP/pipelines/ali/test/101309/ 101309",
        "missing-files": {
            "results": "/home/mandana/CONP/pipelines/ali/test/101309/-101309"
        },
        "output-files": {}
    },
    "additional-information": null
}