{
    "summary": {
        "name": "BrainExtraction",
        "descriptor-doi": "10.5281/zenodo.2636973",
        "date-time": "2021-04-20_12h02m41s252843ms"
    },
    "public-invocation": {
        "anatomical_image": {
            "file-name": "PL011_visit4_t1_defaced.nii.gz",
            "md5sum": "5eaac6f1e0ac4a3859de1b61c870dad2"
        },
        "brain_probability_mask": {
            "file-name": "T_template0_BrainCerebellumProbabilityMask.nii.gz",
            "md5sum": "e1018562e3a5e31ab35f5c7b1bbe99de"
        },
        "brain_template": {
            "file-name": "T_template0.nii.gz",
            "md5sum": "f95dbe37ab40e8ad59c1b1eabc7f230c"
        }
    },
    "public-output": {
        "stdout": null,
        "stderr": null,
        "exit-code": 1,
        "error-message": "",
        "shell-command": "${ANTSPATH}/antsBrainExtraction.sh -a /home/mandana/CONP/conp-dataset/projects/openpain/placebo_1/PL011/visit4/anat/PL011_visit4_t1_defaced.nii.gz -m /home/mandana/CONP/MICCAI2012-Multi-Atlas-Challenge-Data/T_template0_BrainCerebellumProbabilityMask.nii.gz -e /home/mandana/CONP/MICCAI2012-Multi-Atlas-Challenge-Data/T_template0.nii.gz -d 3 -s nii.gz -o highres001_",
        "missing-files": {},
        "output-files": {
            "BrainExtractionBrain": {
                "file-name": "highres001_BrainExtractionBrain.nii.gz",
                "md5sum": "ec49b3c8cfa058447284978943de66a6"
            },
            "BrainExtractionMask": {
                "file-name": "highres001_BrainExtractionMask.nii.gz",
                "md5sum": "6234ee854357dae8dc04c9ad54517348"
            },
            "BrainExtractionPrior0GenericAffine": {
                "file-name": "highres001_BrainExtractionPrior0GenericAffine.mat",
                "md5sum": "c29fc4e3dc91d33b9a1f43d9e041c428"
            },
            "N4Corrected0": {
                "file-name": "highres001_N4Corrected0.nii.gz",
                "md5sum": "6295254b7e68a3dfc2cf748d34b73f6d"
            },
            "N4Truncated0": {
                "file-name": "highres001_N4Truncated0.nii.gz",
                "md5sum": "8275905770fb0e3ad8ced3a3f004ae8a"
            }
        }
    },
    "additional-information": null
}