{
    "summary": {
        "name": "FreeSurfer-Recon-all",
        "descriptor-doi": "10.5281/zenodo.4043546",
        "date-time": "2021-03-26_12h40m08s947972ms"
    },
    "public-invocation": {
        "license": {
            "file-name": "license.txt",
            "md5sum": "f606798c4c204e59ee84e220a6d26426"
        },
        "subjid": "032633",
        "input": {
            "file-name": "sub-032633_ses-010_run-1_T1w.nii.gz",
            "md5sum": "477232e03babac76361b92e5fc760c7b"
        },
        "directives": "-all"
    },
    "public-output": {
        "stdout": null,
        "stderr": null,
        "exit-code": 1,
        "error-message": "Crashed",
        "shell-command": "export SUBJECTS_DIR=`pwd`; export FS_LICENSE=`pwd`/license_FreeSurfer/license.txt; recon-all -subjid 032633 -i conp-dataset/projects/SIMON-dataset/data_BIDS/sub-032633/ses-010/anat/sub-032633_ses-010_run-1_T1w.nii.gz -all",
        "missing-files": {},
        "output-files": {
            "subjid_output": {
                "file-name": "032633",
                "files": [
                    {
                        "file-name": "scripts",
                        "files": [
                            {
                                "file-name": "build-stamp.txt",
                                "md5sum": "507407bea2674bd0417252556017bace"
                            },
                            {
                                "file-name": "patchdir.txt",
                                "md5sum": "68b329da9893e34099c7d8ad5cb9c940"
                            },
                            {
                                "file-name": "lastcall.build-stamp.txt",
                                "md5sum": "507407bea2674bd0417252556017bace"
                            },
                            {
                                "file-name": "recon-config.yaml",
                                "md5sum": "1409d719f9e768aebd20106fd9942180"
                            },
                            {
                                "file-name": "unknown-args.txt",
                                "md5sum": "19653c3b4229370bfad7f8f9ba743788"
                            },
                            {
                                "file-name": "recon-all.cmd",
                                "md5sum": "fc8d04efd3063ce1e5a9ddc67f11f36f"
                            },
                            {
                                "file-name": "recon-all.env",
                                "md5sum": "8c5ab11d562d1918d57deccfe0388fda"
                            },
                            {
                                "file-name": "recon-all.log",
                                "md5sum": "7e7abe7cb4e1f51e1432e598ad145d4b"
                            },
                            {
                                "file-name": "IsRunning.lh+rh",
                                "md5sum": "ad93aa300db497f4dd198293fc56a08c"
                            },
                            {
                                "file-name": "recon-all-status.log",
                                "md5sum": "c784e6c282d03dd86d39a4bb0cb69035"
                            },
                            {
                                "file-name": "recon-all.local-copy",
                                "md5sum": "1ca3508b301f82ad7abf6c21726184b9"
                            }
                        ]
                    },
                    {
                        "file-name": "mri",
                        "files": [
                            {
                                "file-name": "transforms",
                                "files": [
                                    {
                                        "file-name": "bak",
                                        "files": []
                                    }
                                ]
                            },
                            {
                                "file-name": "orig",
                                "files": [
                                    {
                                        "file-name": "001.mgz",
                                        "md5sum": "f8fdb784dfe548f13910a9cfcc8d8a9a"
                                    }
                                ]
                            },
                            {
                                "file-name": "rawavg.mgz",
                                "md5sum": "f8fdb784dfe548f13910a9cfcc8d8a9a"
                            }
                        ]
                    },
                    {
                        "file-name": "surf",
                        "files": []
                    },
                    {
                        "file-name": "tmp",
                        "files": []
                    },
                    {
                        "file-name": "label",
                        "files": []
                    },
                    {
                        "file-name": "touch",
                        "files": []
                    },
                    {
                        "file-name": "stats",
                        "files": []
                    },
                    {
                        "file-name": "trash",
                        "files": []
                    }
                ]
            }
        }
    },
    "additional-information": null
}