{
    "summary": {
        "name": "fsl_fast",
        "descriptor-doi": "10.5281/zenodo.1494308",
        "date-time": "2021-02-17_09h36m58s688011ms"
    },
    "public-invocation": {
        "output_basename": "fast",
        "in_files": {
            "file-name": "sub-010_ses-visit4_T1w.nii.gz",
            "md5sum": "eab621315f5e8d1c7efbcb4f949ba712"
        }
    },
    "public-output": {
        "stdout": null,
        "stderr": null,
        "exit-code": 0,
        "error-message": "",
        "shell-command": "fast -o fast /home/mandana/CONP/conp-dataset/projects/openpain/subacute_longitudinal_study/sub-010/ses-visit4/anat/sub-010_ses-visit4_T1w.nii.gz; mkdir fast; mv fast_* fast",
        "missing-files": {},
        "output-files": {
            "output_dir": {
                "file-name": "fast",
                "files": [
                    {
                        "file-name": "fast_mixeltype.nii.gz",
                        "md5sum": "73cb906b957c72f033f4abe29412ac82"
                    },
                    {
                        "file-name": "fast_pve_0.nii.gz",
                        "md5sum": "29e4d43e97df4386dfc920db61f7fd3b"
                    },
                    {
                        "file-name": "fast_pve_1.nii.gz",
                        "md5sum": "a06a628b773a1a65018ee6749612fd26"
                    },
                    {
                        "file-name": "fast_pve_2.nii.gz",
                        "md5sum": "b8c71fbf3567a6cae4150da460f05c60"
                    },
                    {
                        "file-name": "fast_pveseg.nii.gz",
                        "md5sum": "5e25039f62d82d868a6b74c15fc6793c"
                    },
                    {
                        "file-name": "fast_seg.nii.gz",
                        "md5sum": "2339960dacba66a134583ca2c85be4a2"
                    }
                ]
            }
        }
    },
    "additional-information": null
}