{
    "summary": {
        "name": "oneVoxel",
        "descriptor-doi": "10.5281/zenodo.3308620",
        "date-time": "2021-01-30_14h35m22s163091ms"
    },
    "public-invocation": {
        "clean": true,
        "erode": 2,
        "image_file": {
            "file-name": "sub-032633_ses-020_run-1_FLAIR.nii.gz",
            "md5sum": "89c3bdb78fa1505905b1e132b4fffbe7"
        },
        "mask_file": {
            "file-name": "mask_mask.nii.gz",
            "md5sum": "efe6b94de798257021ac188c2be4d5cd"
        },
        "output_directory": {
            "file-name": "oneVoxel",
            "files": [
                {
                    "file-name": "mask_mask.nii.gz",
                    "md5sum": "efe6b94de798257021ac188c2be4d5cd"
                },
                {
                    "file-name": "sub-032633_ses-020_run-1_FLAIR_1vox-93ecfd16.json",
                    "md5sum": "dfcb6d58b6db0169d5c40588d60d64a0"
                },
                {
                    "file-name": "sub-032633_ses-020_run-1_FLAIR_1vox-941620a6.json",
                    "md5sum": "759a4ee96305322fd704c0221728d79f"
                },
                {
                    "file-name": "sub-032633_ses-020_run-1_FLAIR_1vox-9445d6e8.json",
                    "md5sum": "d43a913e5e293521fc17c7c63411e92c"
                },
                {
                    "file-name": "sub-032633_ses-020_run-1_FLAIR_1vox-94752286.json",
                    "md5sum": "8bf8e373db55b4a92df743f4ab8cf7df"
                },
                {
                    "file-name": "sub-032633_ses-020_run-1_FLAIR_1vox-94a4d558.json",
                    "md5sum": "fb456d33e511b7cc7e43d46bc61bea6e"
                },
                {
                    "file-name": "sub-032633_ses-020_run-1_FLAIR_1vox-94d443b0.json",
                    "md5sum": "ac11201b9eb5b947dea9a58b5cf4be50"
                },
                {
                    "file-name": "sub-032633_ses-020_run-1_FLAIR_1vox-95033bc0.json",
                    "md5sum": "7766be1a0d88c54affba093d98a4d247"
                },
                {
                    "file-name": "sub-032633_ses-020_run-1_FLAIR_1vox-9533422a.json",
                    "md5sum": "03a8c453463dc643cb81ea98cea52c9c"
                },
                {
                    "file-name": "sub-032633_ses-020_run-1_FLAIR_1vox-9562f722.json",
                    "md5sum": "5c83f203ebc1cbf5591a10cfb5edec10"
                },
                {
                    "file-name": "sub-032633_ses-020_run-1_FLAIR_1vox-95917ab6.json",
                    "md5sum": "b61b795c42bacff2b83bf4b271ea24a5"
                },
                {
                    "file-name": "invocation_G.json",
                    "md5sum": "ce6732b37b55e594ba61d81e701a42a7"
                },
                {
                    "file-name": "invocation_withMask.json",
                    "md5sum": "7779ea164b7697f2f46b9afd30c0fc46"
                }
            ]
        },
        "repeat": 10,
        "verbose": true
    },
    "public-output": {
        "stdout": null,
        "stderr": null,
        "exit-code": 0,
        "error-message": "",
        "shell-command": "onevox /home/mandana/CONP/conp-dataset/projects/SIMON-dataset/data_BIDS/sub-032633/ses-020/anat/sub-032633_ses-020_run-1_FLAIR.nii.gz /home/mandana/CONP/oneVoxel --mask_file /home/mandana/CONP/oneVoxel/mask_mask.nii.gz --intensity 0.01 --erode 2 --repeat 10 --mode single --clean --verbose",
        "missing-files": {},
        "output-files": {}
    },
    "additional-information": null
}