{
    "summary": {
        "name": "PreFreeSurferPipelineBatch",
        "descriptor-doi": "10.5281/zenodo.1450995",
        "date-time": "2021-02-22_13h56m52s827679ms"
    },
    "public-invocation": {
        "subject_folder": {
            "file-name": "clinical_parameters.csv",
            "md5sum": "d3411ea0bae4fd2e08aed2c2baf7418e"
        },
        "execution_name": "/home/mandana/CONP/pipelines/ali/prefreesurfer-1450995/"
    },
    "public-output": {
        "stdout": "/home/mandana/CONP/pipelines/ali/openpain/thermal/clinical_parameters.csv is not a directory or it is not in the current working folder.\n[ ERROR ] [ Mon Feb 22 18:56:52 UTC 2021 ] Cannot create execution directory.\n",
        "stderr": "",
        "exit-code": 1,
        "error-message": "",
        "shell-command": "command-line-script.sh /home/mandana/CONP/pipelines/ali/openpain/thermal/clinical_parameters.csv /home/mandana/CONP/pipelines/ali/prefreesurfer-1450995/",
        "missing-files": {
            "results": "/home/mandana/CONP/pipelines/ali/openpain/thermal/clinical_parameters.csv-/home/mandana/CONP/pipelines/ali/prefreesurfer-1450995/"
        },
        "output-files": {}
    },
    "additional-information": null
}