{
    "summary": {
        "name": "fsl_first",
        "descriptor-doi": "10.5281/zenodo.1494312",
        "date-time": "2021-02-17_10h15m57s081157ms"
    },
    "public-invocation": {
        "input_file": {
            "file-name": "sub-032633_ses-010_run-1_T1w.nii.gz",
            "md5sum": "477232e03babac76361b92e5fc760c7b"
        },
        "prefix": "sub-32633"
    },
    "public-output": {
        "stdout": null,
        "stderr": null,
        "exit-code": 1,
        "error-message": "",
        "shell-command": "mkdir -p /home/mandana/CONP/conp-dataset/projects/SIMON-dataset/data_BIDS/sub-032633/ses-010/anat/sub-032633_ses-010_run-1_T1w; run_first_all -i /home/mandana/CONP/conp-dataset/projects/SIMON-dataset/data_BIDS/sub-032633/ses-010/anat/sub-032633_ses-010_run-1_T1w.nii.gz -o /home/mandana/CONP/conp-dataset/projects/SIMON-dataset/data_BIDS/sub-032633/ses-010/anat/sub-032633_ses-010_run-1_T1w/sub-32633",
        "missing-files": {
            "std_sub_outputs": "/home/mandana/CONP/conp-dataset/projects/SIMON-dataset/data_BIDS/sub-032633/ses-010/anat/sub-032633_ses-010_run-1_T1w_to_std_sub*"
        },
        "output-files": {
            "outputs": {
                "file-name": "sub-032633_ses-010_run-1_T1w",
                "files": []
            }
        }
    },
    "additional-information": null
}