{
    "summary": {
        "name": "FLIRT",
        "descriptor-doi": "10.5281/zenodo.2597643",
        "date-time": "2021-02-12_10h19m58s610750ms"
    },
    "public-invocation": {
        "in_file": {
            "file-name": "sub_10_control_site_2_T1w.nii.gz",
            "md5sum": "c3f1f1e07de28fc1d22bcdd1f69190fe"
        },
        "reference": {
            "file-name": "sub_10_control_site_2_T1w.nii.gz",
            "md5sum": "c3f1f1e07de28fc1d22bcdd1f69190fe"
        }
    },
    "public-output": {
        "stdout": null,
        "stderr": null,
        "exit-code": 0,
        "error-message": "",
        "shell-command": "flirt -in /home/mandana/CONP/conp-dataset/projects/openpain/BrainNetworkChange_Mano/sub_10_control_site_2/anat/sub_10_control_site_2_T1w.nii.gz -ref /home/mandana/CONP/conp-dataset/projects/openpain/BrainNetworkChange_Mano/sub_10_control_site_2/anat/sub_10_control_site_2_T1w.nii.gz -out /home/mandana/CONP/conp-dataset/projects/openpain/BrainNetworkChange_Mano/sub_10_control_site_2/anat/sub_10_control_site_2_T1w_flirt -omat /home/mandana/CONP/conp-dataset/projects/openpain/BrainNetworkChange_Mano/sub_10_control_site_2/anat/sub_10_control_site_2_T1w_flirt.mat",
        "missing-files": {},
        "output-files": {
            "out_matrix_file": {
                "file-name": "sub_10_control_site_2_T1w_flirt.mat",
                "md5sum": "850c615534d646962dbfe3f23c1c5182"
            }
        }
    },
    "additional-information": null
}