{
    "summary": {
        "name": "oneVoxel",
        "descriptor-doi": "10.5281/zenodo.3308620",
        "date-time": "2021-02-22_09h27m51s070429ms"
    },
    "public-invocation": {
        "image_file": {
            "file-name": "inner_binarymask.L_levelset.nii.gz",
            "md5sum": "f9ca972d941348412932d60d71bdd69f"
        },
        "mask_file": {
            "file-name": "mask-0.nii.gz",
            "md5sum": "7210391e3689ab7f278b0d213f7b4720"
        },
        "output_directory": {
            "file-name": "",
            "files": [
                {
                    "file-name": "inner_binarymask_1vox-3d192916.json",
                    "md5sum": "7e4f4ecdbc23e022208ca70c828cb537"
                },
                {
                    "file-name": "inner_binarymask_1vox-3d192916.nii.gz",
                    "md5sum": "f0bcab9eaf9dbb33ea869d7d7e129a1f"
                }
            ]
        }
    },
    "public-output": {
        "stdout": null,
        "stderr": null,
        "exit-code": 1,
        "error-message": "",
        "shell-command": "onevox /home/mandana/CONP/conp-dataset/projects/Khanlab/BigBrainHippoUnfold/BIDSscripts/nighres/inner_binarymask.L_levelset.nii.gz /home/mandana/CONP/pipelines/oneVoxel/output/ --mask_file /home/mandana/CONP/pipelines/oneVoxel/fslbet/masks/mask-0.nii.gz --intensity 0.01 --erode 3 --repeat 1 --mode single",
        "missing-files": {},
        "output-files": {
            "noisy_image": {
                "file-name": "inner_binarymask_1vox-3d192916.nii.gz",
                "md5sum": "f0bcab9eaf9dbb33ea869d7d7e129a1f"
            },
            "noise_summary": {
                "file-name": "inner_binarymask_1vox-3d192916.json",
                "md5sum": "7e4f4ecdbc23e022208ca70c828cb537"
            }
        }
    },
    "additional-information": null
}