{
    "summary": {
        "name": "PreFreeSurferPipelineBatch",
        "descriptor-doi": "10.5281/zenodo.1450995",
        "date-time": "2021-03-08_12h07m56s332685ms"
    },
    "public-invocation": {
        "subject_folder": {
            "file-name": "t1",
            "files": [
                {
                    "file-name": "highres001_full_normfilter.nii.gz",
                    "md5sum": "b745b83518ad96db7109b63db57f5f30"
                },
                {
                    "file-name": "highres001_full_normfilter_flirt.mat",
                    "md5sum": "a55009636b33f78cacda36d6e0e82913"
                },
                {
                    "file-name": "highres001_full_normfilter_flirt.nii.gz",
                    "md5sum": "6cbff1a95ba166e161235220560a8f1c"
                },
                {
                    "file-name": "highres001_full_normfilter_to_highres001_full_normfilter.log",
                    "md5sum": "de593e3ca364be2065aa96a965f1f934"
                },
                {
                    "file-name": "highres001_full_normfilter_warpcoef.nii.gz",
                    "md5sum": "e8c5dc2ead033eb995137d26dc918edf"
                }
            ]
        },
        "execution_name": "execution"
    },
    "public-output": {
        "stdout": null,
        "stderr": null,
        "exit-code": 1,
        "error-message": "",
        "shell-command": "command-line-script.sh /home/mandana/CONP/pipelines/ali/openpain/thermal/healthy010/t1 execution",
        "missing-files": {
            "results": "/home/mandana/CONP/pipelines/ali/openpain/thermal/healthy010/t1-execution"
        },
        "output-files": {}
    },
    "additional-information": null
}