{
    "summary": {
        "name": "FreeSurfer-Recon-all",
        "descriptor-doi": "10.5281/zenodo.4043546",
        "date-time": "2021-04-01_20h52m47s618152ms"
    },
    "public-invocation": {
        "license": {
            "file-name": "license.txt",
            "md5sum": "f606798c4c204e59ee84e220a6d26426"
        },
        "subjid": "9962084",
        "input": {
            "file-name": "sub-9962084_ses-NAPEN00_run-001_T1w.nii.gz",
            "md5sum": "84f41615e1fe7abadc1c3f4ba1e3ffc6"
        },
        "directives": "-all"
    },
    "public-output": {
        "stdout": null,
        "stderr": null,
        "exit-code": 0,
        "error-message": "",
        "shell-command": "export SUBJECTS_DIR=`pwd`; export FS_LICENSE=`pwd`/license_FreeSurfer/license.txt; recon-all -subjid 9962084 -i conp-dataset/projects/preventad-open-bids/BIDS_dataset/sub-9962084/ses-NAPEN00/anat/sub-9962084_ses-NAPEN00_run-001_T1w.nii.gz -all",
        "missing-files": {},
        "output-files": {
            "subjid_output": {
                "file-name": "9962084",
                "files": [
                    {
                        "file-name": "scripts",
                        "files": [
                            {
                                "file-name": "build-stamp.txt",
                                "md5sum": "507407bea2674bd0417252556017bace"
                            },
                            {
                                "file-name": "patchdir.txt",
                                "md5sum": "68b329da9893e34099c7d8ad5cb9c940"
                            },
                            {
                                "file-name": "lastcall.build-stamp.txt",
                                "md5sum": "507407bea2674bd0417252556017bace"
                            },
                            {
                                "file-name": "recon-config.yaml",
                                "md5sum": "1409d719f9e768aebd20106fd9942180"
                            },
                            {
                                "file-name": "unknown-args.txt",
                                "md5sum": "34dc5b043b1f5d400e8a9e7f63503078"
                            },
                            {
                                "file-name": "recon-all.cmd",
                                "md5sum": "1d9e28b0b1cce0ec0e9056f5b1f9e30f"
                            },
                            {
                                "file-name": "recon-all.env",
                                "md5sum": "60a14c7af880190ae00f11f6da5fae4a"
                            },
                            {
                                "file-name": "recon-all.log",
                                "md5sum": "b01cfb75ae6b580bcbe3f676416230bf"
                            },
                            {
                                "file-name": "recon-all-status.log",
                                "md5sum": "f43cac996fb31781c50592bfecb5286d"
                            },
                            {
                                "file-name": "recon-all.local-copy",
                                "md5sum": "1ca3508b301f82ad7abf6c21726184b9"
                            },
                            {
                                "file-name": "ponscc.cut.log",
                                "md5sum": "778b711e01ebf8a3974a0e0860c157a2"
                            },
                            {
                                "file-name": "defect2seg.log",
                                "md5sum": "c68b833b24100d2361ee4c21ade3b143"
                            },
                            {
                                "file-name": "pctsurfcon.log.old",
                                "md5sum": "73f041bf8956f55537335d059fdff71a"
                            },
                            {
                                "file-name": "pctsurfcon.log",
                                "md5sum": "6ef03d2487cfabbd8bec43b2dd24d653"
                            },
                            {
                                "file-name": "recon-all.done",
                                "md5sum": "77137e5beffa7da8651716fbc6067cb4"
                            }
                        ]
                    },
                    {
                        "file-name": "mri",
                        "files": [
                            {
                                "file-name": "transforms",
                                "files": [
                                    {
                                        "file-name": "bak",
                                        "files": []
                                    },
                                    {
                                        "file-name": "talairach_avi.log",
                                        "md5sum": "dfc82c6261c3678d3d76372ee21fac54"
                                    },
                                    {
                                        "file-name": "talairach.auto.xfm",
                                        "md5sum": "c4422b9daaeaa0a85300a06da757ae66"
                                    },
                                    {
                                        "file-name": "talsrcimg_to_711-2C_as_mni_average_305_t4_vox2vox.txt",
                                        "md5sum": "c9a46713f15654bc55cb4c18a4e47ef3"
                                    },
                                    {
                                        "file-name": "talairach.auto.xfm.lta",
                                        "md5sum": "1ee91721ae2ea4828e6f9767ae49fdf1"
                                    },
                                    {
                                        "file-name": "talairach.xfm",
                                        "md5sum": "c4422b9daaeaa0a85300a06da757ae66"
                                    },
                                    {
                                        "file-name": "talairach.xfm.lta",
                                        "md5sum": "c5a1ee76c7db272d5bd7306ae5ad24b0"
                                    },
                                    {
                                        "file-name": "talairach_avi_QA.log",
                                        "md5sum": "0521ea03590fe8f8affe6197a189fe9b"
                                    },
                                    {
                                        "file-name": "talairach_with_skull.lta",
                                        "md5sum": "8332cafc31b8b0e5603f85d80d316cf4"
                                    },
                                    {
                                        "file-name": "talairach.lta",
                                        "md5sum": "be0e81eb50c5666a04ded2439ceaf1c6"
                                    },
                                    {
                                        "file-name": "talairach.m3z",
                                        "md5sum": "02d9d6c92cf49b420c8a6f133a285dd4"
                                    },
                                    {
                                        "file-name": "cc_up.lta",
                                        "md5sum": "83d9360f23fcc62a87e97786365e6dc3"
                                    }
                                ]
                            },
                            {
                                "file-name": "orig",
                                "files": [
                                    {
                                        "file-name": "001.mgz",
                                        "md5sum": "de8eb3658b5c5462b6e106a2afed7f76"
                                    }
                                ]
                            },
                            {
                                "file-name": "rawavg.mgz",
                                "md5sum": "de8eb3658b5c5462b6e106a2afed7f76"
                            },
                            {
                                "file-name": "orig.mgz",
                                "md5sum": "eda3791f9a3e8bb2f24379d11f967860"
                            },
                            {
                                "file-name": "orig_nu.mgz",
                                "md5sum": "a8cfee8d61dc7922ef165a8e2f697f9e"
                            },
                            {
                                "file-name": "mri_nu_correct.mni.log.bak",
                                "md5sum": "141a336a5753c509fbef8f053edd0511"
                            },
                            {
                                "file-name": "mri_nu_correct.mni.log",
                                "md5sum": "8dc558ccc045de784bc7ffd6929c91aa"
                            },
                            {
                                "file-name": "nu.mgz",
                                "md5sum": "4646e7b0b4993d95eb825dfbfdbb4e6f"
                            },
                            {
                                "file-name": "T1.mgz",
                                "md5sum": "721846b1bea6f64a378b6a100c243367"
                            },
                            {
                                "file-name": "talairach_with_skull.log",
                                "md5sum": "9d7f25a2e756f9c9060f781f3887d33d"
                            },
                            {
                                "file-name": "brainmask.auto.mgz",
                                "md5sum": "81835522b7a54f7e50df08d48810e40b"
                            },
                            {
                                "file-name": "brainmask.mgz",
                                "md5sum": "81835522b7a54f7e50df08d48810e40b"
                            },
                            {
                                "file-name": "talairach.log",
                                "md5sum": "9d7f25a2e756f9c9060f781f3887d33d"
                            },
                            {
                                "file-name": "norm.mgz",
                                "md5sum": "dd51b2160b3a74bf0a6d015efe46981b"
                            },
                            {
                                "file-name": "ctrl_pts.mgz",
                                "md5sum": "393aff506d419a5f2852b295afdd1658"
                            },
                            {
                                "file-name": "talairach.label_intensities.txt",
                                "md5sum": "a24ec4f9d165d922dc2f5ccc578a13fb"
                            },
                            {
                                "file-name": "aseg.auto_noCCseg.label_intensities.txt",
                                "md5sum": "c7314646df4deed105cc2d6cca6428e9"
                            },
                            {
                                "file-name": "aseg.auto_noCCseg.mgz",
                                "md5sum": "a84db3b04e817d2d700b758f0c822797"
                            },
                            {
                                "file-name": "aseg.auto.mgz",
                                "md5sum": "ffe95bb9d408803b54cc84c46dac1d2e"
                            },
                            {
                                "file-name": "aseg.presurf.mgz",
                                "md5sum": "ffe95bb9d408803b54cc84c46dac1d2e"
                            },
                            {
                                "file-name": "brain.mgz",
                                "md5sum": "b7e8993b2a9682470c60667744ccd970"
                            },
                            {
                                "file-name": "brain.finalsurfs.mgz",
                                "md5sum": "f917ce8b97e21f91c05eb91886928909"
                            },
                            {
                                "file-name": "antsdn.brain.mgz",
                                "md5sum": "9e123a8434e351b115f6620a71c64e16"
                            },
                            {
                                "file-name": "segment.dat",
                                "md5sum": "a7ec28182c3b24aea973162c24755fcc"
                            },
                            {
                                "file-name": "wm.seg.mgz",
                                "md5sum": "4a7916323916b045a7ebd2dab22c2cf4"
                            },
                            {
                                "file-name": "wm.asegedit.mgz",
                                "md5sum": "eb1201ae0154e33eb2e474f4c8df3c03"
                            },
                            {
                                "file-name": "wm.mgz",
                                "md5sum": "71cf5e157f61a560a06f3ee48bddb6bb"
                            },
                            {
                                "file-name": "filled.mgz",
                                "md5sum": "6bcfdda951dfbab55642fadc824e9b66"
                            },
                            {
                                "file-name": "surface.defects.mgz",
                                "md5sum": "bdf9541d63a319d81dcc95529cf71799"
                            },
                            {
                                "file-name": "ribbon.mgz",
                                "md5sum": "2c98a1d2a53839fb2dd41eb8e0f18d2b"
                            },
                            {
                                "file-name": "lh.ribbon.mgz",
                                "md5sum": "7fae73de3393996e887c8b209a5d133d"
                            },
                            {
                                "file-name": "rh.ribbon.mgz",
                                "md5sum": "fdc9443f8392ef4425aa62e9c3d87688"
                            },
                            {
                                "file-name": "aseg.presurf.hypos.mgz",
                                "md5sum": "38323500598c72c430270972960e46c5"
                            },
                            {
                                "file-name": "aseg.mgz",
                                "md5sum": "348e3019f3762f440c7a17d94c83cc19"
                            },
                            {
                                "file-name": "aparc+aseg.mgz",
                                "md5sum": "7c38e0fe9b8752b040f7dcf9f223c27d"
                            },
                            {
                                "file-name": "aparc.a2009s+aseg.mgz",
                                "md5sum": "e69649691602d7faba7dfac246d80ed1"
                            },
                            {
                                "file-name": "aparc.DKTatlas+aseg.mgz",
                                "md5sum": "1f6c53ad2724b864cb918a1a064140ae"
                            },
                            {
                                "file-name": "wmparc.mgz",
                                "md5sum": "1d7672fe5c22739463b0be9fde8299e8"
                            }
                        ]
                    },
                    {
                        "file-name": "surf",
                        "files": [
                            {
                                "file-name": "lh.orig.nofix",
                                "md5sum": "f67c8a3334bcf301e2402703a59e87a2"
                            },
                            {
                                "file-name": "rh.orig.nofix",
                                "md5sum": "b6a5fd9d950d48ce6253d4d7477c3fa9"
                            },
                            {
                                "file-name": "lh.smoothwm.nofix",
                                "md5sum": "71d0c2d758d636cdd9db659d2dbd7cba"
                            },
                            {
                                "file-name": "rh.smoothwm.nofix",
                                "md5sum": "705aec076a887b6e298b4b0437181ba3"
                            },
                            {
                                "file-name": "lh.inflated.nofix",
                                "md5sum": "31e78085d9c3970f73bf72ea3de70448"
                            },
                            {
                                "file-name": "rh.inflated.nofix",
                                "md5sum": "ac58421ca4925f88f538d812349af8a1"
                            },
                            {
                                "file-name": "lh.qsphere.nofix",
                                "md5sum": "f0c1f3aa5ca129b11adc6c0b7b5eb2df"
                            },
                            {
                                "file-name": "rh.qsphere.nofix",
                                "md5sum": "6df2e958eda632631ecd5b04d7a82a48"
                            },
                            {
                                "file-name": "lh.defect_labels",
                                "md5sum": "fde535caf8e27ca06b29e46f986f59e1"
                            },
                            {
                                "file-name": "lh.defect_borders",
                                "md5sum": "cbdad3d571b57b1861c8ee57cb46c183"
                            },
                            {
                                "file-name": "lh.defect_chull",
                                "md5sum": "31198ce50a22ef1fb1c010116abbe3f0"
                            },
                            {
                                "file-name": "lh.orig.premesh",
                                "md5sum": "6facd80415e421024aa5651f6ee75fee"
                            },
                            {
                                "file-name": "rh.defect_labels",
                                "md5sum": "4b5302079333a4ab15ff9172a1f8d4fd"
                            },
                            {
                                "file-name": "rh.defect_borders",
                                "md5sum": "11b4c101dd3f2f11a9a6c5f675e51793"
                            },
                            {
                                "file-name": "rh.defect_chull",
                                "md5sum": "ad0e0f4b230ec693117598478da84464"
                            },
                            {
                                "file-name": "rh.orig.premesh",
                                "md5sum": "fa9479eb503bf5136b4da3fac5cfb352"
                            },
                            {
                                "file-name": "lh.defects.pointset",
                                "md5sum": "36b462297a67ce705ab9a6382042e762"
                            },
                            {
                                "file-name": "rh.defects.pointset",
                                "md5sum": "ef82cde44aa16b7fd16d402503bc6660"
                            },
                            {
                                "file-name": "lh.orig",
                                "md5sum": "5803cab112b5d921f4bef51ef4c61d7e"
                            },
                            {
                                "file-name": "rh.orig",
                                "md5sum": "e4e4fd513210978aa36e4e110d9e6371"
                            },
                            {
                                "file-name": "autodet.gw.stats.lh.dat",
                                "md5sum": "ff8798f78588321265f82dea8c62b089"
                            },
                            {
                                "file-name": "autodet.gw.stats.rh.dat",
                                "md5sum": "11f2c745cb94ce03b4068e96ab661395"
                            },
                            {
                                "file-name": "lh.white.preaparc",
                                "md5sum": "d8c4595810df14dbd5730e8b3e0e6720"
                            },
                            {
                                "file-name": "rh.white.preaparc",
                                "md5sum": "51d102a3435ecfdf5d7c18af25c3e2ac"
                            },
                            {
                                "file-name": "lh.smoothwm",
                                "md5sum": "70a9be0d40ef23aaa3e497508a0b0434"
                            },
                            {
                                "file-name": "rh.smoothwm",
                                "md5sum": "4aed647bf4ebbe336e3de815caeb09da"
                            },
                            {
                                "file-name": "lh.inflated",
                                "md5sum": "9e36a15ec1cdefc6a28f9130f8361901"
                            },
                            {
                                "file-name": "lh.sulc",
                                "md5sum": "de52ced2e5dd4edd63b71c6b41f912bc"
                            },
                            {
                                "file-name": "rh.inflated",
                                "md5sum": "c3ca448695a995268fc06f14c506123b"
                            },
                            {
                                "file-name": "rh.sulc",
                                "md5sum": "0ec7b5178706561591b4ea82d4e97433"
                            },
                            {
                                "file-name": "lh.white.preaparc.K",
                                "md5sum": "644948dd7404cb6c3f03bf6a336ca5d1"
                            },
                            {
                                "file-name": "lh.white.preaparc.H",
                                "md5sum": "74bfe3612de8244149f4a75bd8da906f"
                            },
                            {
                                "file-name": "lh.white.H",
                                "md5sum": "74bfe3612de8244149f4a75bd8da906f"
                            },
                            {
                                "file-name": "lh.white.K",
                                "md5sum": "644948dd7404cb6c3f03bf6a336ca5d1"
                            },
                            {
                                "file-name": "lh.inflated.K",
                                "md5sum": "5ad56394ad1728304971a9b29d3d2f0d"
                            },
                            {
                                "file-name": "lh.inflated.H",
                                "md5sum": "8d45fc0097ff2b47fe1dc81bb1b8f139"
                            },
                            {
                                "file-name": "rh.white.preaparc.K",
                                "md5sum": "f6df906400b55b250798ba1494857353"
                            },
                            {
                                "file-name": "rh.white.preaparc.H",
                                "md5sum": "8e166fa60b01930fccbfcfedca091a1c"
                            },
                            {
                                "file-name": "rh.white.H",
                                "md5sum": "8e166fa60b01930fccbfcfedca091a1c"
                            },
                            {
                                "file-name": "rh.white.K",
                                "md5sum": "f6df906400b55b250798ba1494857353"
                            },
                            {
                                "file-name": "rh.inflated.K",
                                "md5sum": "37dfae51ac471df726eff36ff8fc0c09"
                            },
                            {
                                "file-name": "rh.inflated.H",
                                "md5sum": "d668c834b3c67f0324905c4f0f1707a6"
                            },
                            {
                                "file-name": "lh.sphere",
                                "md5sum": "2206b90f7b9c1b879e279725c90e236e"
                            },
                            {
                                "file-name": "rh.sphere",
                                "md5sum": "5fc16763ecfa3499e679b627967a75ce"
                            },
                            {
                                "file-name": "lh.sphere.reg",
                                "md5sum": "bcfce71dd1b19ab12320d313df3ab576"
                            },
                            {
                                "file-name": "lh.fsaverage.sphere.reg",
                                "md5sum": "bcfce71dd1b19ab12320d313df3ab576"
                            },
                            {
                                "file-name": "rh.sphere.reg",
                                "md5sum": "e20c63aa2c109f6bcd21bd156d53365f"
                            },
                            {
                                "file-name": "rh.fsaverage.sphere.reg",
                                "md5sum": "e20c63aa2c109f6bcd21bd156d53365f"
                            },
                            {
                                "file-name": "lh.jacobian_white",
                                "md5sum": "9e7a2473f9737532de76ebcaf4c18774"
                            },
                            {
                                "file-name": "rh.jacobian_white",
                                "md5sum": "707fb717eb8b080e46f4389c0a9bc5c5"
                            },
                            {
                                "file-name": "lh.avg_curv",
                                "md5sum": "39c42b69cc33b4d360daf65c9b9e02d0"
                            },
                            {
                                "file-name": "rh.avg_curv",
                                "md5sum": "4aac01b7715bb82524909570f505966e"
                            },
                            {
                                "file-name": "lh.white",
                                "md5sum": "6540e45757c5bdcb77234f8cd0973fce"
                            },
                            {
                                "file-name": "rh.white",
                                "md5sum": "813eb7f24622add69892b46ec3616347"
                            },
                            {
                                "file-name": "lh.pial.T1",
                                "md5sum": "361500086879a2fca30337d7bbbd4da8"
                            },
                            {
                                "file-name": "lh.pial",
                                "md5sum": "361500086879a2fca30337d7bbbd4da8"
                            },
                            {
                                "file-name": "rh.pial.T1",
                                "md5sum": "9f2a44bd0011177244e956ee4749f9f5"
                            },
                            {
                                "file-name": "rh.pial",
                                "md5sum": "9f2a44bd0011177244e956ee4749f9f5"
                            },
                            {
                                "file-name": "lh.curv",
                                "md5sum": "1a31871d38f286ebc84f65e55c735544"
                            },
                            {
                                "file-name": "lh.area",
                                "md5sum": "7a1c02612f15f2552b6860f343a4cafe"
                            },
                            {
                                "file-name": "lh.curv.pial",
                                "md5sum": "1da7add56a1235f704f619a5822bc368"
                            },
                            {
                                "file-name": "lh.area.pial",
                                "md5sum": "8e895b3048a888c6dbe5473b5e30853b"
                            },
                            {
                                "file-name": "lh.thickness",
                                "md5sum": "f32a878bcb0977193386e59e9c48659c"
                            },
                            {
                                "file-name": "lh.area.mid",
                                "md5sum": "c92d60ea0244749ea9bfeb014752d3c6"
                            },
                            {
                                "file-name": "lh.volume",
                                "md5sum": "cf3221d7bb8de8e23348d440fcaa5713"
                            },
                            {
                                "file-name": "rh.curv",
                                "md5sum": "0c7e784ce62b3dd6d1f65146ad5b9326"
                            },
                            {
                                "file-name": "rh.area",
                                "md5sum": "ade2721639d01be0a7159c0e867b373a"
                            },
                            {
                                "file-name": "rh.curv.pial",
                                "md5sum": "6402ec48bf01f5e3f018a0cdb64f1a32"
                            },
                            {
                                "file-name": "rh.area.pial",
                                "md5sum": "2e92e31980df9204f9b67a864ea8fadf"
                            },
                            {
                                "file-name": "rh.thickness",
                                "md5sum": "98c5eff340e952c1d3c40e1916b57e5f"
                            },
                            {
                                "file-name": "rh.area.mid",
                                "md5sum": "c61f3d0c7b229c543fc367a82f0237ea"
                            },
                            {
                                "file-name": "rh.volume",
                                "md5sum": "5874f01f545963fd9c47cceeca60cfe2"
                            },
                            {
                                "file-name": "lh.smoothwm.K.crv",
                                "md5sum": "fa328ba2aefce489e4e54ecc96240a27"
                            },
                            {
                                "file-name": "lh.smoothwm.H.crv",
                                "md5sum": "db48c9b6ca1cd5e47349738ca3986e1e"
                            },
                            {
                                "file-name": "lh.smoothwm.K1.crv",
                                "md5sum": "f7335bf629c94653301ed645cb70f4ac"
                            },
                            {
                                "file-name": "lh.smoothwm.K2.crv",
                                "md5sum": "1ebeec2aebc5a3b31a231363809fbbc5"
                            },
                            {
                                "file-name": "lh.smoothwm.S.crv",
                                "md5sum": "efa9cf7794cdf1f7552058200f6fe4ec"
                            },
                            {
                                "file-name": "lh.smoothwm.C.crv",
                                "md5sum": "7f229833767cb601a9c66c463e7474b4"
                            },
                            {
                                "file-name": "lh.smoothwm.BE.crv",
                                "md5sum": "8698981fc061ae8db485d9bb195158d7"
                            },
                            {
                                "file-name": "lh.smoothwm.FI.crv",
                                "md5sum": "f6a4ae5706e5e33c1fc20615c72f4c4a"
                            },
                            {
                                "file-name": "rh.smoothwm.K.crv",
                                "md5sum": "6f54e87998f7097618d169c770e3b8fa"
                            },
                            {
                                "file-name": "rh.smoothwm.H.crv",
                                "md5sum": "7ffc75b82fcd1662ef2cfc387a0193e2"
                            },
                            {
                                "file-name": "rh.smoothwm.K1.crv",
                                "md5sum": "c611595d3a54b536cfb014a0446b9536"
                            },
                            {
                                "file-name": "rh.smoothwm.K2.crv",
                                "md5sum": "834225299e563ad14b11f861d5eff160"
                            },
                            {
                                "file-name": "rh.smoothwm.S.crv",
                                "md5sum": "8ed956a9f5a8ab8d7131f2c0a4bd2476"
                            },
                            {
                                "file-name": "rh.smoothwm.C.crv",
                                "md5sum": "e99dbf8d3ec9dfd44decc5ea9806a2f7"
                            },
                            {
                                "file-name": "rh.smoothwm.BE.crv",
                                "md5sum": "c928217e6e5cc165dbc8ae93e26fa507"
                            },
                            {
                                "file-name": "rh.smoothwm.FI.crv",
                                "md5sum": "d3170d275d954c7926437a7c19bc5817"
                            },
                            {
                                "file-name": "lh.w-g.pct.mgh",
                                "md5sum": "af0891a850e1f4f3d1edbf7493c327ea"
                            },
                            {
                                "file-name": "rh.w-g.pct.mgh",
                                "md5sum": "0011832eb860c6e75aaded077330e39e"
                            }
                        ]
                    },
                    {
                        "file-name": "tmp",
                        "files": []
                    },
                    {
                        "file-name": "label",
                        "files": [
                            {
                                "file-name": "lh.cortex.label",
                                "md5sum": "592707f263d6538e902ced27c8a6e4cb"
                            },
                            {
                                "file-name": "lh.cortex+hipamyg.label",
                                "md5sum": "31c5c5e1fb74b38c411bf93c32e6cfaa"
                            },
                            {
                                "file-name": "rh.cortex.label",
                                "md5sum": "ecffd6929a4eb4d429538fd687f039ff"
                            },
                            {
                                "file-name": "rh.cortex+hipamyg.label",
                                "md5sum": "d68bedc98a8af306a7998f1685dc4dc2"
                            },
                            {
                                "file-name": "lh.aparc.annot",
                                "md5sum": "721a1498c6a17bad10214f2378b6aef6"
                            },
                            {
                                "file-name": "rh.aparc.annot",
                                "md5sum": "67483a80a8e5b57e8621401d0e72789b"
                            },
                            {
                                "file-name": "lh.aparc.a2009s.annot",
                                "md5sum": "b22caeadcf18c16ade2237fb3ca632c7"
                            },
                            {
                                "file-name": "rh.aparc.a2009s.annot",
                                "md5sum": "061518b5ad011e67c6d3e1d42e74b635"
                            },
                            {
                                "file-name": "lh.aparc.DKTatlas.annot",
                                "md5sum": "a28680ed33f76ae24235f400ead9fc89"
                            },
                            {
                                "file-name": "rh.aparc.DKTatlas.annot",
                                "md5sum": "0e56302debd0336bcfac2cd2a7bdf2de"
                            },
                            {
                                "file-name": "aparc.annot.ctab",
                                "md5sum": "757e7e27742ae27d720f8fc37fbdaf36"
                            },
                            {
                                "file-name": "aparc.annot.a2009s.ctab",
                                "md5sum": "cf32a567746bf18e8b52c323dc152570"
                            },
                            {
                                "file-name": "aparc.annot.DKTatlas.ctab",
                                "md5sum": "757e7e27742ae27d720f8fc37fbdaf36"
                            },
                            {
                                "file-name": "lh.BA1_exvivo.label",
                                "md5sum": "72dec88f4061ca808d5e5db8a4e8c752"
                            },
                            {
                                "file-name": "lh.BA2_exvivo.label",
                                "md5sum": "2900b92929903a116d12404449d39af5"
                            },
                            {
                                "file-name": "lh.BA3a_exvivo.label",
                                "md5sum": "709ec3ee426240666a08e0b6567eed9b"
                            },
                            {
                                "file-name": "lh.BA3b_exvivo.label",
                                "md5sum": "512aef03c9badfcb649008b279aa9ffd"
                            },
                            {
                                "file-name": "lh.BA4a_exvivo.label",
                                "md5sum": "95720104a9ca186064420069a03e937a"
                            },
                            {
                                "file-name": "lh.BA4p_exvivo.label",
                                "md5sum": "dd9e6b684e9a0a5eb16843f60b136631"
                            },
                            {
                                "file-name": "lh.BA6_exvivo.label",
                                "md5sum": "4e08b96fa796ca6f8ba84586d99a7335"
                            },
                            {
                                "file-name": "lh.BA44_exvivo.label",
                                "md5sum": "f586bff2a59ecaac890d5ecf0e1b16ea"
                            },
                            {
                                "file-name": "lh.BA45_exvivo.label",
                                "md5sum": "d3cb1d9f86cbbe59e57dde76e4213976"
                            },
                            {
                                "file-name": "lh.V1_exvivo.label",
                                "md5sum": "e957573c3be3c1ac3739b3fc862a0a18"
                            },
                            {
                                "file-name": "lh.V2_exvivo.label",
                                "md5sum": "6f80d9822eec6509c99c517396613143"
                            },
                            {
                                "file-name": "lh.MT_exvivo.label",
                                "md5sum": "c4a4a57036d32b49a55eaef86df9107c"
                            },
                            {
                                "file-name": "lh.entorhinal_exvivo.label",
                                "md5sum": "5d60f9399b85860cd9e770b537755e1b"
                            },
                            {
                                "file-name": "lh.perirhinal_exvivo.label",
                                "md5sum": "2a9ebfa736aeef67de7e10b256d1905a"
                            },
                            {
                                "file-name": "lh.FG1.mpm.vpnl.label",
                                "md5sum": "6d2e34a3d63b90890648819c92f7d760"
                            },
                            {
                                "file-name": "lh.FG2.mpm.vpnl.label",
                                "md5sum": "a056ca9c155e21e364cca7f79a6dbefe"
                            },
                            {
                                "file-name": "lh.FG3.mpm.vpnl.label",
                                "md5sum": "e4728402c161b6e4634fc8901da602e4"
                            },
                            {
                                "file-name": "lh.FG4.mpm.vpnl.label",
                                "md5sum": "6f25cc7f7627b472e77eb67a7ab01152"
                            },
                            {
                                "file-name": "lh.hOc1.mpm.vpnl.label",
                                "md5sum": "37e4683456388520cde114f6241a02f2"
                            },
                            {
                                "file-name": "lh.hOc2.mpm.vpnl.label",
                                "md5sum": "c18a91acab5a6b8694c74a9844bd6ae9"
                            },
                            {
                                "file-name": "lh.hOc3v.mpm.vpnl.label",
                                "md5sum": "2abac3a577b8aeca25ed40fe929dc1ba"
                            },
                            {
                                "file-name": "lh.hOc4v.mpm.vpnl.label",
                                "md5sum": "10a49ad85b6bdc9d865a449970ef0b6d"
                            },
                            {
                                "file-name": "lh.mpm.vpnl.annot",
                                "md5sum": "a22bef373909cc28bae8f45b0681cb43"
                            },
                            {
                                "file-name": "lh.BA1_exvivo.thresh.label",
                                "md5sum": "00480b70a0fd33986dafa9c265cd7291"
                            },
                            {
                                "file-name": "lh.BA2_exvivo.thresh.label",
                                "md5sum": "51f6db48ef27c9b149f6b3edccd5873c"
                            },
                            {
                                "file-name": "lh.BA3a_exvivo.thresh.label",
                                "md5sum": "909f957253c3fa8ce448fa144e932154"
                            },
                            {
                                "file-name": "lh.BA3b_exvivo.thresh.label",
                                "md5sum": "d66954423bcd03a41595b479cd806da5"
                            },
                            {
                                "file-name": "lh.BA4a_exvivo.thresh.label",
                                "md5sum": "bd15028d177103910787f1f81c05dbf4"
                            },
                            {
                                "file-name": "lh.BA4p_exvivo.thresh.label",
                                "md5sum": "fc086396922a21eee8e54891cbe1cf4a"
                            },
                            {
                                "file-name": "lh.BA6_exvivo.thresh.label",
                                "md5sum": "7446c8181141e3adea9162791a288d25"
                            },
                            {
                                "file-name": "lh.BA44_exvivo.thresh.label",
                                "md5sum": "f35a00d180386042707608e82945f3f3"
                            },
                            {
                                "file-name": "lh.BA45_exvivo.thresh.label",
                                "md5sum": "2f6919d70489d8c788fa0584e3eec1a4"
                            },
                            {
                                "file-name": "lh.V1_exvivo.thresh.label",
                                "md5sum": "623556786c531b2386552863507f55ec"
                            },
                            {
                                "file-name": "lh.V2_exvivo.thresh.label",
                                "md5sum": "7ae46a1895ee23015b5b7bad734e75a7"
                            },
                            {
                                "file-name": "lh.MT_exvivo.thresh.label",
                                "md5sum": "d1526363c4edd1e45fb523e22bf5985c"
                            },
                            {
                                "file-name": "lh.entorhinal_exvivo.thresh.label",
                                "md5sum": "9e040488884cb8e761ae8b060a4923df"
                            },
                            {
                                "file-name": "lh.perirhinal_exvivo.thresh.label",
                                "md5sum": "bc3f6dbde51f641bf2cd341221326d1b"
                            },
                            {
                                "file-name": "lh.BA_exvivo.annot",
                                "md5sum": "b5cd6bb367d6ad6958ba988eebb505e5"
                            },
                            {
                                "file-name": "lh.BA_exvivo.thresh.annot",
                                "md5sum": "defd5e8f619576e2a2de76e8e3704f45"
                            },
                            {
                                "file-name": "BA_exvivo.ctab",
                                "md5sum": "f27e92c69d630519d63cd36b8fbabe95"
                            },
                            {
                                "file-name": "BA_exvivo.thresh.ctab",
                                "md5sum": "f27e92c69d630519d63cd36b8fbabe95"
                            },
                            {
                                "file-name": "rh.BA1_exvivo.label",
                                "md5sum": "80b0b1396b5488c500ebeaa6328cfb37"
                            },
                            {
                                "file-name": "rh.BA2_exvivo.label",
                                "md5sum": "7ec3bb42f7137a28865bb985e0f349d6"
                            },
                            {
                                "file-name": "rh.BA3a_exvivo.label",
                                "md5sum": "4ac9df851385c8f1c07ed4c98289afc8"
                            },
                            {
                                "file-name": "rh.BA3b_exvivo.label",
                                "md5sum": "96264eca8b51d5b297edd6a9737ef041"
                            },
                            {
                                "file-name": "rh.BA4a_exvivo.label",
                                "md5sum": "d588649ad1c208af2129d31bc0a4710b"
                            },
                            {
                                "file-name": "rh.BA4p_exvivo.label",
                                "md5sum": "db07be0daf64c1f301438f2e11f5d635"
                            },
                            {
                                "file-name": "rh.BA6_exvivo.label",
                                "md5sum": "931666df16ad66decbda25a58c8e896a"
                            },
                            {
                                "file-name": "rh.BA44_exvivo.label",
                                "md5sum": "20d32e671b55dc700ac5c26e6d20270e"
                            },
                            {
                                "file-name": "rh.BA45_exvivo.label",
                                "md5sum": "30b88bf1e5633062319322fcfdd3964f"
                            },
                            {
                                "file-name": "rh.V1_exvivo.label",
                                "md5sum": "5af996f9da22c6739c3528f059b8144b"
                            },
                            {
                                "file-name": "rh.V2_exvivo.label",
                                "md5sum": "9ec9f590782833754b5cbd6eb22cd301"
                            },
                            {
                                "file-name": "rh.MT_exvivo.label",
                                "md5sum": "fcdfcc3f8d6d5cc0275baea297084d8d"
                            },
                            {
                                "file-name": "rh.entorhinal_exvivo.label",
                                "md5sum": "16bdad62aa9574073a2062a9cc0435ca"
                            },
                            {
                                "file-name": "rh.perirhinal_exvivo.label",
                                "md5sum": "046791544dbc27d8400dfd4a5db6671e"
                            },
                            {
                                "file-name": "rh.FG1.mpm.vpnl.label",
                                "md5sum": "f3e6ab57d7f49c49c3148d7300a5ddf4"
                            },
                            {
                                "file-name": "rh.FG2.mpm.vpnl.label",
                                "md5sum": "d5969a3b588228b136b57539bc60faf4"
                            },
                            {
                                "file-name": "rh.FG3.mpm.vpnl.label",
                                "md5sum": "e847323eb3c90390e8ac7311989a7454"
                            },
                            {
                                "file-name": "rh.FG4.mpm.vpnl.label",
                                "md5sum": "497aec825ccacdb29958a5204fdb2798"
                            },
                            {
                                "file-name": "rh.hOc1.mpm.vpnl.label",
                                "md5sum": "7d5b106966b84b8902d7416249c846e4"
                            },
                            {
                                "file-name": "rh.hOc2.mpm.vpnl.label",
                                "md5sum": "8fe6f9e1512b63a59d15b3d4390564f1"
                            },
                            {
                                "file-name": "rh.hOc3v.mpm.vpnl.label",
                                "md5sum": "e93e3f165900b4dff81c45870f98f795"
                            },
                            {
                                "file-name": "rh.hOc4v.mpm.vpnl.label",
                                "md5sum": "4713290c5d90c2db230310b6acedca83"
                            },
                            {
                                "file-name": "rh.mpm.vpnl.annot",
                                "md5sum": "9bd7d867d05b0f9ed48e46a78dd0375b"
                            },
                            {
                                "file-name": "rh.BA1_exvivo.thresh.label",
                                "md5sum": "94c7210bae7a3439c08bf901282a341a"
                            },
                            {
                                "file-name": "rh.BA2_exvivo.thresh.label",
                                "md5sum": "a6b0db4017756e2198c6c56d2846d3ac"
                            },
                            {
                                "file-name": "rh.BA3a_exvivo.thresh.label",
                                "md5sum": "371bbcc8da51ad1dc3bf84baffc3c636"
                            },
                            {
                                "file-name": "rh.BA3b_exvivo.thresh.label",
                                "md5sum": "16fa7ed16f893603684b5dd8305e20d4"
                            },
                            {
                                "file-name": "rh.BA4a_exvivo.thresh.label",
                                "md5sum": "41b611ad7496f876c88361e8f3de504e"
                            },
                            {
                                "file-name": "rh.BA4p_exvivo.thresh.label",
                                "md5sum": "bd8ebfbb818303f283f535f452cfaab8"
                            },
                            {
                                "file-name": "rh.BA6_exvivo.thresh.label",
                                "md5sum": "13c82179d8887672f0545145c5abfc81"
                            },
                            {
                                "file-name": "rh.BA44_exvivo.thresh.label",
                                "md5sum": "f9de31ba5a940a28701eb6e122041ed3"
                            },
                            {
                                "file-name": "rh.BA45_exvivo.thresh.label",
                                "md5sum": "bc131e71f6f31b25e0d00ddc11bc5d1a"
                            },
                            {
                                "file-name": "rh.V1_exvivo.thresh.label",
                                "md5sum": "10e2ff91b8e0363d10dfe95941dc2d21"
                            },
                            {
                                "file-name": "rh.V2_exvivo.thresh.label",
                                "md5sum": "0e582b75c96d5dc7f8fcae8a1fd285f0"
                            },
                            {
                                "file-name": "rh.MT_exvivo.thresh.label",
                                "md5sum": "f112cf64ee78f65e43231d21e6ca7741"
                            },
                            {
                                "file-name": "rh.entorhinal_exvivo.thresh.label",
                                "md5sum": "55ddc13ada66b474f603fef70fa265e6"
                            },
                            {
                                "file-name": "rh.perirhinal_exvivo.thresh.label",
                                "md5sum": "8db10665e2bda28dda64a8e270efccb9"
                            },
                            {
                                "file-name": "rh.BA_exvivo.annot",
                                "md5sum": "6116a0cc08cbf76d5ab13a87ee525eba"
                            },
                            {
                                "file-name": "rh.BA_exvivo.thresh.annot",
                                "md5sum": "c52a5ae2c586da7a6e326c6581018920"
                            }
                        ]
                    },
                    {
                        "file-name": "touch",
                        "files": [
                            {
                                "file-name": "conform.touch",
                                "md5sum": "ecddccbec474fee3d61a635e99fd3482"
                            },
                            {
                                "file-name": "talairach.touch",
                                "md5sum": "b81f486efc083dc9f5654744f1b3defc"
                            },
                            {
                                "file-name": "nu.touch",
                                "md5sum": "20700816b56097c01f14f6035a7dd4ff"
                            },
                            {
                                "file-name": "inorm1.touch",
                                "md5sum": "abc7831cf0431a603096efc9d74adac6"
                            },
                            {
                                "file-name": "skull.lta.touch",
                                "md5sum": "a6239144b250bd2e80084ec09d45d2a4"
                            },
                            {
                                "file-name": "skull_strip.touch",
                                "md5sum": "e8d0f65e2c1ee53241191fb11b5406cc"
                            },
                            {
                                "file-name": "em_register.touch",
                                "md5sum": "6d297290fcc2d257309a2a77f43baeb9"
                            },
                            {
                                "file-name": "ca_normalize.touch",
                                "md5sum": "b6f29e339f1017f03af933f51dead61f"
                            },
                            {
                                "file-name": "ca_register.touch",
                                "md5sum": "b6d4b790942f9488f48047eed4068ba2"
                            },
                            {
                                "file-name": "ca_label.touch",
                                "md5sum": "396cbea3eeb56912e09d13024220889c"
                            },
                            {
                                "file-name": "asegmerge.touch",
                                "md5sum": "bbcca4705300ca1849ff4e55071aba92"
                            },
                            {
                                "file-name": "inorm2.touch",
                                "md5sum": "ef94094f38552de711f9b36b50afd694"
                            },
                            {
                                "file-name": "wmsegment.touch",
                                "md5sum": "9d5b43abe2bc3d3eb3be78fd7d562ff1"
                            },
                            {
                                "file-name": "fill.touch",
                                "md5sum": "0dfd681b3b9253245537317c2d66ad18"
                            },
                            {
                                "file-name": "lh.tessellate.touch",
                                "md5sum": "bf965e117dff279f90fc72949694f931"
                            },
                            {
                                "file-name": "rh.tessellate.touch",
                                "md5sum": "f57b379b4afe9531c213fd8444cd603b"
                            },
                            {
                                "file-name": "lh.smoothwm1.touch",
                                "md5sum": "b8ffed1ee22a504731c39ef3a33ba9aa"
                            },
                            {
                                "file-name": "rh.smoothwm1.touch",
                                "md5sum": "4f0c2c4f377aef49b38a78ed88bfa13a"
                            },
                            {
                                "file-name": "lh.inflate1.touch",
                                "md5sum": "f52dad9629924298ee69acc1c3a1c652"
                            },
                            {
                                "file-name": "rh.inflate1.touch",
                                "md5sum": "57cad7f49edee894fda38c94b520b5ca"
                            },
                            {
                                "file-name": "lh.qsphere.touch",
                                "md5sum": "545f7e3099965a1f78f5ac84ad92375d"
                            },
                            {
                                "file-name": "rh.qsphere.touch",
                                "md5sum": "2eacd6dfedc4af32d83f803a6f7acb88"
                            },
                            {
                                "file-name": "lh.topofix.touch",
                                "md5sum": "3edec4dc4f85b33909fd92f44e03be92"
                            },
                            {
                                "file-name": "rh.topofix.touch",
                                "md5sum": "b3e02688509265a5315e4391527f6404"
                            },
                            {
                                "file-name": "lh.autodet.gw.stats.touch",
                                "md5sum": "e973c2b32d8ec5c984861a7a934f1349"
                            },
                            {
                                "file-name": "rh.autodet.gw.stats.touch",
                                "md5sum": "bb5109cb17047ff1cd4c5582195f56da"
                            },
                            {
                                "file-name": "lh.white.preaparc.touch",
                                "md5sum": "5a3eee06632ec07bde4fd40d448b5c11"
                            },
                            {
                                "file-name": "rh.white.preaparc.touch",
                                "md5sum": "cdb42dddfc8933a6766c669cb3012130"
                            },
                            {
                                "file-name": "lh.cortex.touch",
                                "md5sum": "596c3c2459f0d877a3420a8f63e661df"
                            },
                            {
                                "file-name": "lh.cortex+hipamyg.touch",
                                "md5sum": "8f87e26eaf5bb255fc650de950173bbe"
                            },
                            {
                                "file-name": "rh.cortex.touch",
                                "md5sum": "cd7c2b6efc8849eae9c3684d486787fd"
                            },
                            {
                                "file-name": "rh.cortex+hipamyg.touch",
                                "md5sum": "3e78fd5d5a94c9f418878a1c0813b8ef"
                            },
                            {
                                "file-name": "lh.smoothwm2.touch",
                                "md5sum": "b068b15ecff4cb8238382e1a028ddb38"
                            },
                            {
                                "file-name": "rh.smoothwm2.touch",
                                "md5sum": "6ace3898d8a677554350470a8ef0d504"
                            },
                            {
                                "file-name": "lh.inflate2.touch",
                                "md5sum": "35d96c8fe434330e1b0f2f083712538b"
                            },
                            {
                                "file-name": "rh.inflate2.touch",
                                "md5sum": "9bcdf48f11d014659e703e6af199c2f7"
                            },
                            {
                                "file-name": "lh.white.H.K.touch",
                                "md5sum": "c0278016cfb80d723b48390d41eda54d"
                            },
                            {
                                "file-name": "lh.inflate.H.K.touch",
                                "md5sum": "8041f4bdc7f2dce2ab252147727517b8"
                            },
                            {
                                "file-name": "rh.white.H.K.touch",
                                "md5sum": "ee57c1b9862251ca3af97cb22df65c00"
                            },
                            {
                                "file-name": "rh.inflate.H.K.touch",
                                "md5sum": "cb48285f1fbc58f331b64f01e42c3da8"
                            },
                            {
                                "file-name": "lh.sphmorph.touch",
                                "md5sum": "161d0e2d1502bc594334528d9ac5a106"
                            },
                            {
                                "file-name": "rh.sphmorph.touch",
                                "md5sum": "8f99840e77c14780b44d5c86450c0bcc"
                            },
                            {
                                "file-name": "lh.sphreg.touch",
                                "md5sum": "cf992a00af917939ee57352e305e35db"
                            },
                            {
                                "file-name": "rh.sphreg.touch",
                                "md5sum": "d6dfa83dd8a8eb65011d3776b0c5656d"
                            },
                            {
                                "file-name": "lh.jacobian_white.touch",
                                "md5sum": "bbbdb2678bfbad9f1a9956fd37c30342"
                            },
                            {
                                "file-name": "rh.jacobian_white.touch",
                                "md5sum": "a82f023bb20369b96d502fad8419ecfb"
                            },
                            {
                                "file-name": "lh.avgcurv.touch",
                                "md5sum": "a68983b8d25139520021d1ed50d793ea"
                            },
                            {
                                "file-name": "rh.avgcurv.touch",
                                "md5sum": "6d0656bdb000227772f4d8288a90dffb"
                            },
                            {
                                "file-name": "lh.aparc.touch",
                                "md5sum": "30a60559c21619ce59848f1344ae622a"
                            },
                            {
                                "file-name": "rh.aparc.touch",
                                "md5sum": "b087096aebcdcceb55490015da4384ec"
                            },
                            {
                                "file-name": "lh.white.touch",
                                "md5sum": "87296d420b45b71a096337fd940d5bc2"
                            },
                            {
                                "file-name": "rh.white.touch",
                                "md5sum": "4b1705d5bcb2017c41e64aecf1396d7a"
                            },
                            {
                                "file-name": "lh.curvstats.touch",
                                "md5sum": "574eb3f2e2ea9cfb02f098d1ef50bca7"
                            },
                            {
                                "file-name": "rh.curvstats.touch",
                                "md5sum": "5048a8b0fbe02a5e289d5c52f8374b31"
                            },
                            {
                                "file-name": "cortical_ribbon.touch",
                                "md5sum": "97d6ca7c3cd55d56323c16a986d3034f"
                            },
                            {
                                "file-name": "lh.aparc2.touch",
                                "md5sum": "0e64026ea75a36eda6df7fc4abe721c5"
                            },
                            {
                                "file-name": "rh.aparc2.touch",
                                "md5sum": "b5c7f021b81e62ab0a3181c6f87e89dd"
                            },
                            {
                                "file-name": "lh.pctsurfcon.touch",
                                "md5sum": "c08c68c92b34cf4ba2a476292fdaddf2"
                            },
                            {
                                "file-name": "rh.pctsurfcon.touch",
                                "md5sum": "dc0cfea5a62100ca4bb4fe622e261a92"
                            },
                            {
                                "file-name": "relabelhypos.touch",
                                "md5sum": "505c3d4493b7e2139f92bc5e6d7e02d2"
                            },
                            {
                                "file-name": "apas2aseg.touch",
                                "md5sum": "a7eae54714272342b23fe70d46a7e05a"
                            },
                            {
                                "file-name": "wmaparc.stats.touch",
                                "md5sum": "fdc17614f0e60d9579640c89e862a302"
                            },
                            {
                                "file-name": "lh.aparcstats.touch",
                                "md5sum": "37c7319bf0efa22c364c5dc0f3408c42"
                            },
                            {
                                "file-name": "rh.aparcstats.touch",
                                "md5sum": "b978b65c4f4c708ee42f457870f50983"
                            },
                            {
                                "file-name": "lh.aparcstats2.touch",
                                "md5sum": "43489daf73e6b97c15f4caba2ae58c0d"
                            },
                            {
                                "file-name": "rh.aparcstats2.touch",
                                "md5sum": "9c0a7dc37d71c103fb9892a880d7d7e2"
                            },
                            {
                                "file-name": "lh.aparcstats3.touch",
                                "md5sum": "7f6a3cf4098b088bead16c2e8b0108b1"
                            },
                            {
                                "file-name": "rh.aparcstats3.touch",
                                "md5sum": "acd1701c83d67899266b92d5c51d189d"
                            },
                            {
                                "file-name": "segstats.touch",
                                "md5sum": "edd6655082c790cc4a47dfe04c06e8a6"
                            }
                        ]
                    },
                    {
                        "file-name": "stats",
                        "files": [
                            {
                                "file-name": "lh.curv.stats",
                                "md5sum": "0fd0837f54bff3a91009ded5767fd758"
                            },
                            {
                                "file-name": "rh.curv.stats",
                                "md5sum": "116d9dca5d52cdd8ce49c008ddbbe577"
                            },
                            {
                                "file-name": "lh.w-g.pct.stats",
                                "md5sum": "7288ecad0207c613bf131d0cbcb83d4a"
                            },
                            {
                                "file-name": "rh.w-g.pct.stats",
                                "md5sum": "410102dfbbd7d13b0a973c5dfbf80b12"
                            },
                            {
                                "file-name": "brainvol.stats",
                                "md5sum": "57c1a15b82ceebf2e9bcc486fe8af721"
                            },
                            {
                                "file-name": "wmparc.stats",
                                "md5sum": "f24e9a6fe5ef30ec01a6364bbcf2da67"
                            },
                            {
                                "file-name": "lh.aparc.stats",
                                "md5sum": "1a8a5d51794c88921b65a901aa805713"
                            },
                            {
                                "file-name": "lh.aparc.pial.stats",
                                "md5sum": "bbbd2585c6887c797919fb87d9415216"
                            },
                            {
                                "file-name": "rh.aparc.stats",
                                "md5sum": "8ecaea40ac2fe71c8338208b27a5f126"
                            },
                            {
                                "file-name": "rh.aparc.pial.stats",
                                "md5sum": "6a2a88fec2169e3341d27176e645401c"
                            },
                            {
                                "file-name": "lh.aparc.a2009s.stats",
                                "md5sum": "48cd759660770052ba0ed6f40af8899e"
                            },
                            {
                                "file-name": "rh.aparc.a2009s.stats",
                                "md5sum": "f30a7efd022801e8d8676bb39a356bd9"
                            },
                            {
                                "file-name": "lh.aparc.DKTatlas.stats",
                                "md5sum": "7bf13474400f4a43477960c7f15805ff"
                            },
                            {
                                "file-name": "rh.aparc.DKTatlas.stats",
                                "md5sum": "d50d6d3651f25e219682e71e23409402"
                            },
                            {
                                "file-name": "aseg.stats",
                                "md5sum": "8f1672df78dcd165f142b6b2faf98c29"
                            },
                            {
                                "file-name": "lh.BA_exvivo.stats",
                                "md5sum": "e15872f84c9f7b5e196f90aefc10d99f"
                            },
                            {
                                "file-name": "lh.BA_exvivo.thresh.stats",
                                "md5sum": "b44bbaeae91b15a604c7832986832d8a"
                            },
                            {
                                "file-name": "rh.BA_exvivo.stats",
                                "md5sum": "0604e8698c152b74ca87220cc88e3125"
                            },
                            {
                                "file-name": "rh.BA_exvivo.thresh.stats",
                                "md5sum": "03ff955b9956bedc2f0ebf6aca61bdf2"
                            }
                        ]
                    },
                    {
                        "file-name": "trash",
                        "files": []
                    }
                ]
            }
        }
    },
    "additional-information": null
}