{
    "summary": {
        "name": "PreFreeSurferPipelineBatch",
        "descriptor-doi": "10.5281/zenodo.1450995",
        "date-time": "2021-02-22_14h02m06s447190ms"
    },
    "public-invocation": {
        "subject_folder": {
            "file-name": "t1",
            "files": [
                {
                    "file-name": "highres001_full_normfilter.nii.gz",
                    "md5sum": "b745b83518ad96db7109b63db57f5f30"
                },
                {
                    "file-name": "highres001_full_normfilter_flirt.mat",
                    "md5sum": "a55009636b33f78cacda36d6e0e82913"
                },
                {
                    "file-name": "highres001_full_normfilter_flirt.nii.gz",
                    "md5sum": "6cbff1a95ba166e161235220560a8f1c"
                },
                {
                    "file-name": "highres001_full_normfilter_to_highres001_full_normfilter.log",
                    "md5sum": "de593e3ca364be2065aa96a965f1f934"
                },
                {
                    "file-name": "highres001_full_normfilter_warpcoef.nii.gz",
                    "md5sum": "e8c5dc2ead033eb995137d26dc918edf"
                }
            ]
        },
        "execution_name": "/home/mandana/CONP/pipelines/ali/prefreesurfer-1450995/"
    },
    "public-output": {
        "stdout": "/home/mandana/CONP/pipelines/ali/openpain/thermal/healthy010/t1 is not a directory or it is not in the current working folder.\n[ ERROR ] [ Mon Feb 22 19:02:05 UTC 2021 ] Cannot create execution directory.\n",
        "stderr": "",
        "exit-code": 1,
        "error-message": "",
        "shell-command": "command-line-script.sh /home/mandana/CONP/pipelines/ali/openpain/thermal/healthy010/t1 /home/mandana/CONP/pipelines/ali/prefreesurfer-1450995/",
        "missing-files": {
            "results": "/home/mandana/CONP/pipelines/ali/openpain/thermal/healthy010/t1-/home/mandana/CONP/pipelines/ali/prefreesurfer-1450995/"
        },
        "output-files": {}
    },
    "additional-information": null
}