{
    "summary": {
        "name": "FLIRT",
        "descriptor-doi": "10.5281/zenodo.2597643",
        "date-time": "2021-02-12_10h21m52s030362ms"
    },
    "public-invocation": {
        "in_file": {
            "file-name": "sub-010_ses-visit4_T1w.nii.gz",
            "md5sum": "eab621315f5e8d1c7efbcb4f949ba712"
        },
        "reference": {
            "file-name": "sub-010_ses-visit4_T1w.nii.gz",
            "md5sum": "eab621315f5e8d1c7efbcb4f949ba712"
        }
    },
    "public-output": {
        "stdout": null,
        "stderr": null,
        "exit-code": 0,
        "error-message": "",
        "shell-command": "flirt -in /home/mandana/CONP/conp-dataset/projects/openpain/subacute_longitudinal_study/sub-010/ses-visit4/anat/sub-010_ses-visit4_T1w.nii.gz -ref /home/mandana/CONP/conp-dataset/projects/openpain/subacute_longitudinal_study/sub-010/ses-visit4/anat/sub-010_ses-visit4_T1w.nii.gz -out /home/mandana/CONP/conp-dataset/projects/openpain/subacute_longitudinal_study/sub-010/ses-visit4/anat/sub-010_ses-visit4_T1w_flirt -omat /home/mandana/CONP/conp-dataset/projects/openpain/subacute_longitudinal_study/sub-010/ses-visit4/anat/sub-010_ses-visit4_T1w_flirt.mat",
        "missing-files": {},
        "output-files": {
            "out_matrix_file": {
                "file-name": "sub-010_ses-visit4_T1w_flirt.mat",
                "md5sum": "af54c613edc4bbc1d778a0b6429ed649"
            }
        }
    },
    "additional-information": null
}