{
    "summary": {
        "name": "FreeSurferPipelineBatch-CentOS7",
        "descriptor-doi": "10.5281/zenodo.1450997",
        "date-time": "2020-12-16_22h57m35s870478ms"
    },
    "public-invocation": {
        "subject_folder": {
            "file-name": "sub-032633",
            "not_found": true
        },
        "freesurfer_license": {
            "file-name": "licence.txt",
            "not_found": true
        }
    },
    "public-output": {
        "stdout": null,
        "stderr": null,
        "exit-code": 1,
        "error-message": "",
        "shell-command": "freesurfer-command-line-script.sh '~/CONP/conp-dataset/projects/SIMON-dataset/data_BIDS/sub-032633' 'Exec-CentOS-[X]-FreeSurferbuild-CentOS-[Y]' licence.txt",
        "missing-files": {
            "results": "~/CONP/conp-dataset/projects/SIMON-dataset/data_BIDS/sub-032633-Exec-CentOS-[X]-FreeSurferbuild-CentOS-[Y]"
        },
        "output-files": {}
    },
    "additional-information": null
}