{
    "summary": {
        "name": "fsl_fast",
        "descriptor-doi": "10.5281/zenodo.1494308",
        "date-time": "2021-04-16_11h03m59s297832ms"
    },
    "public-invocation": {
        "output_basename": "fast",
        "in_files": {
            "file-name": "PL011_visit2_t1_defaced.nii.gz",
            "not_found": true
        }
    },
    "public-output": {
        "stdout": null,
        "stderr": null,
        "exit-code": 1,
        "error-message": "",
        "shell-command": "fast -o fast /home/mandana/CONP/conp-dataset/projects/openpain/placebo_1/PL011/visit2/anat/PL011_visit2_t1_defaced.nii.gz; mkdir fast; mv fast_* fast",
        "missing-files": {},
        "output-files": {
            "output_dir": {
                "file-name": "fast",
                "files": []
            }
        }
    },
    "additional-information": null
}