{
    "summary": {
        "name": "oneVoxel",
        "descriptor-doi": "10.5281/zenodo.3308620",
        "date-time": "2021-02-13_17h38m30s959643ms"
    },
    "public-invocation": {
        "image_file": {
            "file-name": "sub-032633_ses-010_run-1_T2w.nii.gz",
            "md5sum": "3f386608e2b1e18c65fe517372299652"
        },
        "mask_file": {
            "file-name": "mask-11.nii.gz",
            "md5sum": "83f1fc54e0dcec49ea3a7c93f52c1035"
        },
        "output_directory": {
            "file-name": "",
            "not_found": true
        }
    },
    "public-output": {
        "stdout": null,
        "stderr": null,
        "exit-code": 1,
        "error-message": "",
        "shell-command": "onevox /home/mandana/CONP/conp-dataset/projects/SIMON-dataset/data_BIDS/sub-032633/ses-010/anat/sub-032633_ses-010_run-1_T2w.nii.gz /home/mandana/CONP/oneVoxel/output/ --mask_file /home/mandana/CONP/pipelines/oneVoxel/fslbet/masks/mask-11.nii.gz --intensity 0.01 --erode 3 --repeat 1 --mode single",
        "missing-files": {},
        "output-files": {}
    },
    "additional-information": null
}