{
    "summary": {
        "name": "fsl_bet",
        "descriptor-doi": "10.5281/zenodo.1482743",
        "date-time": "2021-05-18_17h43m41s049920ms"
    },
    "public-invocation": {
        "infile": {
            "file-name": "highres001_full_normfilter.nii.gz",
            "md5sum": "b745b83518ad96db7109b63db57f5f30"
        },
        "maskfile": "mask-16"
    },
    "public-output": {
        "stdout": null,
        "stderr": null,
        "exit-code": 0,
        "error-message": "",
        "shell-command": "bet /home/mandana/CONP/conp-dataset/projects/openpain/thermal/healthy010/t1/highres001_full_normfilter.nii.gz mask-16",
        "missing-files": {},
        "output-files": {
            "outfile": {
                "file-name": "mask-16.nii.gz",
                "md5sum": "c714b2d2ad3cdd19ff65d47812f2f5b1"
            }
        }
    },
    "additional-information": null
}