{
    "summary": {
        "name": "CorticalThickness",
        "descriptor-doi": "10.5281/zenodo.2634608",
        "date-time": "2021-04-12_12h26m30s572572ms"
    },
    "public-invocation": {
        "anatomical_image": {
            "file-name": "sub-032633_ses-005_run-1_T1w.nii.gz",
            "md5sum": "6c0088105c76936091fc57efc7ab05cc"
        },
        "brain_probability_mask": {
            "file-name": "T_template0_BrainCerebellumProbabilityMask.nii.gz",
            "not_found": true
        },
        "brain_template": {
            "file-name": "T_template0.nii.gz",
            "md5sum": "f95dbe37ab40e8ad59c1b1eabc7f230c"
        },
        "segmentation_priors": [
            {
                "file-name": "priors1.nii.gz",
                "md5sum": "3704653c342b2af9de8f84bffde2b83e"
            }
        ],
        "t1_registration_template": {
            "file-name": "T_template0_BrainCerebellum.nii.gz",
            "md5sum": "b29d90d8c8d125b7d6af65c203b02f9a"
        }
    },
    "public-output": {
        "stdout": null,
        "stderr": null,
        "exit-code": 1,
        "error-message": "",
        "shell-command": "${ANTSPATH}/antsCorticalThickness.sh -a /home/mandana/CONP/conp-dataset/projects/SIMON-dataset/data_BIDS/sub-032633/ses-005/anat/sub-032633_ses-005_run-1_T1w.nii.gz -m ' /home/mandana/CONP/MICCAI2012-Multi-Atlas-Challenge-Data/T_template0_BrainCerebellumProbabilityMask.nii.gz' -e /home/mandana/CONP/MICCAI2012-Multi-Atlas-Challenge-Data/T_template0.nii.gz -d 3 -s nii.gz 1 -o antsCT_ -p /home/mandana/CONP/MICCAI2012-Multi-Atlas-Challenge-Data/Priors2/priors1.nii.gz -t /home/mandana/CONP/MICCAI2012-Multi-Atlas-Challenge-Data/T_template0_BrainCerebellum.nii.gz",
        "missing-files": {},
        "output-files": {}
    },
    "additional-information": null
}