{
    "summary": {
        "name": "oneVoxel",
        "descriptor-doi": "10.5281/zenodo.3308620",
        "date-time": "2021-02-13_17h29m24s195040ms"
    },
    "public-invocation": {
        "image_file": {
            "file-name": "BigBrain-to-ICBM2009sym-nonlin-1mm.nii",
            "md5sum": "0a1a9afa61cb409690fbb56e4d5530b2"
        },
        "mask_file": {
            "file-name": "mask-1.nii.gz",
            "md5sum": "405b0db1eca270c122108abf9004aa52"
        },
        "output_directory": {
            "file-name": "",
            "not_found": true
        }
    },
    "public-output": {
        "stdout": null,
        "stderr": null,
        "exit-code": 1,
        "error-message": "",
        "shell-command": "onevox /home/mandana/CONP/conp-dataset/projects/Khanlab/BigBrainMRICoreg/Atlases/NifTI/BigBrain-to-ICBM2009sym-nonlin-1mm.nii /home/mandana/CONP/oneVoxel/output/ --mask_file /home/mandana/CONP/pipelines/oneVoxel/fslbet/masks/mask-1.nii.gz --intensity 0.01 --erode 3 --repeat 1 --mode single",
        "missing-files": {},
        "output-files": {}
    },
    "additional-information": null
}