{
    "summary": {
        "name": "fsl_bet",
        "descriptor-doi": "10.5281/zenodo.1482743",
        "date-time": "2021-02-11_10h49m36s276851ms"
    },
    "public-invocation": {
        "infile": {
            "file-name": "sub-10_T1w.nii.gz",
            "md5sum": "ea80cfc8ce43714669fbc201eaea159e"
        },
        "maskfile": "mask.nii.gz"
    },
    "public-output": {
        "stdout": null,
        "stderr": null,
        "exit-code": 0,
        "error-message": "",
        "shell-command": "bet /home/mandana/CONP/conp-dataset/projects/visual-working-memory/sub-10/anat/sub-10_T1w.nii.gz mask.nii.gz",
        "missing-files": {},
        "output-files": {}
    },
    "additional-information": null
}