{
    "summary": {
        "name": "fsl_first",
        "descriptor-doi": "10.5281/zenodo.1494312",
        "date-time": "2021-05-18_16h34m59s513915ms"
    },
    "public-invocation": {
        "input_file": {
            "file-name": "PL011_visit5_t1_defaced.nii.gz",
            "md5sum": "764d65221c7c79d11bc56fef01520367"
        },
        "prefix": "output"
    },
    "public-output": {
        "stdout": null,
        "stderr": null,
        "exit-code": 1,
        "error-message": "",
        "shell-command": "mkdir -p /home/mandana/CONP/conp-dataset/projects/openpain/placebo_1/PL011/visit5/anat/PL011_visit5_t1_defaced; run_first_all -i /home/mandana/CONP/conp-dataset/projects/openpain/placebo_1/PL011/visit5/anat/PL011_visit5_t1_defaced.nii.gz -o /home/mandana/CONP/conp-dataset/projects/openpain/placebo_1/PL011/visit5/anat/PL011_visit5_t1_defaced/output",
        "missing-files": {
            "std_sub_outputs": "/home/mandana/CONP/conp-dataset/projects/openpain/placebo_1/PL011/visit5/anat/PL011_visit5_t1_defaced_to_std_sub*"
        },
        "output-files": {
            "outputs": {
                "file-name": "PL011_visit5_t1_defaced",
                "files": []
            }
        }
    },
    "additional-information": null
}