{
    "summary": {
        "name": "fsl_anat",
        "descriptor-doi": "10.5281/zenodo.3899496",
        "date-time": "2021-02-11_19h27m23s712954ms"
    },
    "public-invocation": {
        "infile": {
            "file-name": "sub-06_space-MNI152NLin2009cAsym_desc-grey_mask.nii.gz",
            "md5sum": "ff4867c067b8151e2d651ee08eccba91"
        },
        "outdir": "/home/mandana/CONP/pipelines/fsl_anat/results/"
    },
    "public-output": {
        "stdout": null,
        "stderr": null,
        "exit-code": 1,
        "error-message": "",
        "shell-command": "fsl_anat -i /home/mandana/CONP/conp-dataset/projects/Learning_Naturalistic_Structure__Processed_fMRI_dataset/sub-06_space-MNI152NLin2009cAsym_desc-grey_mask.nii.gz -o /home/mandana/CONP/pipelines/fsl_anat/results/",
        "missing-files": {
            "folder_out": "/home/mandana/CONP/pipelines/fsl_anat/results/.anat"
        },
        "output-files": {}
    },
    "additional-information": null
}